statefips,countyfips,year,FIPS,black,other,white
1,1,2015,1001,7564,809,31999
1,3,2015,1003,13690,2911,138048
1,5,2015,1005,9473,269,10637
1,7,2015,1007,3989,133,13316
1,9,2015,1009,748,463,41839
1,11,2015,1011,5747,126,2381
1,13,2015,1013,6284,191,8487
1,15,2015,1015,17374,1495,68177
1,17,2015,1017,10004,368,15775
1,19,2015,1019,936,178,19042
1,21,2015,1021,3315,372,28639
1,23,2015,1023,4234,42,5922
1,25,2015,1025,7940,165,10522
1,27,2015,1027,1495,90,8785
1,29,2015,1029,392,81,10780
1,31,2015,1031,6717,1479,29741
1,33,2015,1033,6710,483,34291
1,35,2015,1035,4277,64,5315
1,37,2015,1037,2587,82,5910
1,39,2015,1039,3462,351,24885
1,41,2015,1041,2511,224,7750
1,43,2015,1043,817,778,60277
1,45,2015,1045,7127,1038,28695
1,47,2015,1047,19988,236,9558
1,49,2015,1049,1029,1634,49372
1,51,2015,1051,12691,869,47531
1,53,2015,1053,9085,1134,18421
1,55,2015,1055,11690,1342,65160
1,57,2015,1057,1516,95,11165
1,59,2015,1059,1254,457,21491
1,61,2015,1061,1929,319,18059
1,63,2015,1063,5026,34,1284
1,65,2015,1065,6291,51,4841
1,67,2015,1067,3572,123,9550
1,69,2015,1069,19338,1324,56787
1,71,2015,1071,1438,1088,37563
1,73,2015,1073,205255,10485,276385
1,75,2015,1075,1172,35,9428
1,77,2015,1077,6921,1044,63114
1,79,2015,1079,2922,1637,20729
1,81,2015,1081,26886,4801,83942
1,83,2015,1083,9546,1697,57236
1,85,2015,1085,5622,53,2169
1,87,2015,1087,11733,97,2667
1,89,2015,1089,63456,10549,190769
1,91,2015,1091,7504,94,7319
1,93,2015,1093,1040,181,21992
1,95,2015,1095,1712,1465,66303
1,97,2015,1097,103359,10070,192578
1,99,2015,1099,6489,294,9394
1,101,2015,1101,92213,5377,68606
1,103,2015,1103,10915,1831,76780
1,105,2015,1105,4646,47,2297
1,107,2015,1107,6198,146,9881
1,109,2015,1109,8875,850,15142
1,111,2015,1111,3268,167,13696
1,113,2015,1113,18753,827,23502
1,115,2015,1115,6329,878,58293
1,117,2015,1117,18491,4079,130796
1,119,2015,1119,7082,176,2670
1,121,2015,1121,19269,741,41364
1,123,2015,1123,8072,304,23012
1,125,2015,1125,45248,3039,102747
1,127,2015,1127,2948,528,46021
1,129,2015,1129,3012,1025,8584
1,131,2015,1131,5495,34,2489
1,133,2015,1133,177,243,18004
2,13,2015,2013,343,1883,751
2,16,2015,2016,436,2621,1903
2,20,2015,2020,15146,44816,157505
2,50,2015,2050,116,9121,1704
2,60,2015,2060,14,300,391
2,68,2015,2068,31,123,1377
2,70,2015,2070,33,2416,827
2,90,2015,2090,4466,8828,59572
2,100,2015,2100,25,258,1711
2,105,2015,2105,16,721,930
2,110,2015,2110,443,5320,18937
2,122,2015,2122,400,4474,38503
2,130,2015,2130,119,2452,7763
2,150,2015,2150,169,3528,6162
2,164,2015,2164,18,722,329
2,170,2015,2170,1253,6757,63146
2,180,2015,2180,56,4622,1424
2,185,2015,2185,146,3726,3090
2,188,2015,2188,76,3823,873
2,195,2015,2195,66,352,1977
2,198,2015,2198,40,2047,2557
2,220,2015,2220,109,1687,4895
2,230,2015,2230,12,67,828
2,240,2015,2240,95,735,4129
2,261,2015,2261,100,1302,5488
2,270,2015,2270,21,4168,292
2,275,2015,2275,26,353,1465
2,282,2015,2282,28,224,222
2,290,2015,2290,35,2750,1077
4,1,2015,4001,388,35863,12573
4,3,2015,4003,4632,4696,85830
4,5,2015,4005,1740,28060,71101
4,7,2015,4007,358,6149,34812
4,9,2015,4009,680,3632,21656
4,11,2015,4011,142,311,6095
4,12,2015,4012,232,2671,13454
4,13,2015,4013,179206,230810,2617427
4,15,2015,4015,2408,7312,153736
4,17,2015,4017,1001,32764,41770
4,19,2015,4019,32036,58789,669746
4,21,2015,4021,15187,28065,257277
4,23,2015,4023,303,751,31092
4,25,2015,4025,1803,6108,171705
4,27,2015,4027,4359,6375,134937
5,1,2015,5001,3168,181,10454
5,3,2015,5003,3844,151,11512
5,5,2015,5005,150,449,32465
5,7,2015,5007,3454,10845,162737
5,9,2015,5009,139,486,27515
5,11,2015,5011,2373,167,5736
5,13,2015,5013,909,32,3199
5,15,2015,5015,172,596,20203
5,17,2015,5017,4336,97,3845
5,19,2015,5019,3928,238,12541
5,21,2015,5021,77,77,11459
5,23,2015,5023,102,239,19674
5,25,2015,5025,684,36,5550
5,27,2015,5027,6099,281,11203
5,29,2015,5029,1840,236,13702
5,31,2015,5031,9217,1474,64330
5,33,2015,5033,749,1967,42264
5,35,2015,5035,16774,394,17020
5,37,2015,5037,2780,124,9842
5,39,2015,5039,2329,45,3405
5,41,2015,5041,3937,101,4603
5,43,2015,5043,3682,236,9898
5,45,2015,5045,9814,2129,76726
5,47,2015,5047,105,309,12717
5,49,2015,5049,56,100,9304
5,51,2015,5051,5900,1384,67787
5,53,2015,5053,380,133,12977
5,55,2015,5055,366,327,31570
5,57,2015,5057,4628,219,10962
5,59,2015,5059,2875,278,22444
5,61,2015,5061,1955,174,7443
5,63,2015,5063,596,481,26118
5,65,2015,5065,251,144,10346
5,67,2015,5067,2303,174,11030
5,69,2015,5069,28019,773,24237
5,71,2015,5071,422,468,18007
5,73,2015,5073,1899,50,3523
5,75,2015,5075,148,99,12297
5,77,2015,5077,3988,87,3519
5,79,2015,5079,3533,88,7450
5,81,2015,5081,1832,193,7414
5,83,2015,5083,256,459,15706
5,85,2015,5085,3077,1077,47162
5,87,2015,5087,61,308,11343
5,89,2015,5089,87,167,12864
5,91,2015,5091,7662,476,24209
5,93,2015,5093,10191,301,20529
5,95,2015,5095,2120,77,3448
5,97,2015,5097,66,136,6858
5,99,2015,5099,1998,50,4441
5,101,2015,5101,41,108,6046
5,103,2015,5103,7085,203,11064
5,105,2015,5105,173,80,7457
5,107,2015,5107,8044,123,5636
5,109,2015,5109,316,142,7714
5,111,2015,5111,1360,112,16361
5,113,2015,5113,80,430,14517
5,115,2015,5115,1445,1190,43431
5,117,2015,5117,726,39,5673
5,119,2015,5119,99303,9080,183247
5,121,2015,5121,139,125,12976
5,123,2015,5123,10003,299,9668
5,125,2015,5125,5439,1617,80160
5,127,2015,5127,63,462,7254
5,129,2015,5129,35,120,5969
5,131,2015,5131,6198,7111,80304
5,133,2015,5133,614,468,10773
5,135,2015,5135,120,259,12706
5,137,2015,5137,57,131,9567
5,139,2015,5139,9248,394,20008
5,141,2015,5141,94,175,12827
5,143,2015,5143,5478,10319,144184
5,145,2015,5145,2494,950,54020
5,147,2015,5147,1341,38,3775
5,149,2015,5149,320,427,15113
6,1,2015,6001,157789,421079,673487
6,3,2015,6003,17,171,688
6,5,2015,6005,895,1326,28495
6,7,2015,6007,3809,12968,155301
6,9,2015,6009,466,1574,34118
6,11,2015,6011,276,821,13879
6,13,2015,6013,84673,170211,584135
6,15,2015,6015,1007,2468,17472
6,17,2015,6017,1715,9300,131444
6,19,2015,6019,40350,98774,528549
6,21,2015,6021,336,1311,18135
6,23,2015,6023,1974,10211,92431
6,25,2015,6025,5142,7009,111678
6,27,2015,6027,217,1924,11942
6,29,2015,6029,39668,54828,505154
6,31,2015,6031,9029,9158,87260
6,33,2015,6033,1328,3112,45645
6,35,2015,6035,2659,1727,20931
6,37,2015,6037,733382,1432918,5449794
6,39,2015,6039,5333,8441,94404
6,41,2015,6041,6662,17443,178529
6,43,2015,6043,228,825,13286
6,45,2015,6045,917,5815,60115
6,47,2015,6047,8214,21140,149315
6,49,2015,6049,143,478,6392
6,51,2015,6051,136,566,10194
6,53,2015,6053,12904,36525,257557
6,55,2015,6055,2890,11526,93789
6,57,2015,6057,625,2574,76422
6,59,2015,6059,55044,551180,1764197
6,61,2015,6061,5668,26729,249592
6,63,2015,6063,202,683,13999
6,65,2015,6065,126729,172493,1380007
6,67,2015,6067,126608,224990,752865
6,69,2015,6069,767,3300,37476
6,71,2015,6071,148582,168728,1176598
6,73,2015,6073,148727,384424,1946917
6,75,2015,6075,43718,278622,412575
6,77,2015,6077,43884,103816,357897
6,79,2015,6079,5585,13397,198743
6,81,2015,6081,19710,195497,372996
6,83,2015,6083,9341,30366,285670
6,85,2015,6085,45648,563704,827843
6,87,2015,6087,3752,16738,186416
6,89,2015,6089,1840,9187,125929
6,91,2015,6091,25,70,2354
6,93,2015,6093,679,2362,30790
6,95,2015,6095,52649,67404,206390
6,97,2015,6097,8802,29723,349012
6,99,2015,6099,13819,37968,325652
6,101,2015,6101,2100,14566,52268
6,103,2015,6103,576,2590,43578
6,105,2015,6105,154,730,9734
6,107,2015,6107,7190,23889,271197
6,109,2015,6109,1129,1858,40741
6,111,2015,6111,16233,68258,540700
6,113,2015,6113,5297,28818,121609
6,115,2015,6115,2520,6179,43366
8,1,2015,8001,13233,25260,306470
8,3,2015,8003,255,804,10394
8,5,2015,8005,51867,36373,375971
8,7,2015,8007,82,379,9402
8,9,2015,8009,37,58,2679
8,11,2015,8011,430,240,4164
8,13,2015,8013,3233,14401,223813
8,14,2015,8014,769,3585,43698
8,15,2015,8015,334,382,14786
8,17,2015,8017,8,32,1290
8,19,2015,8019,88,170,7440
8,21,2015,8021,70,293,5334
8,23,2015,8023,64,204,2569
8,25,2015,8025,571,254,3953
8,27,2015,8027,59,60,3604
8,29,2015,8029,257,567,22382
8,31,2015,8031,53587,33925,440732
8,33,2015,8033,8,57,1467
8,35,2015,8035,3619,12420,208822
8,37,2015,8037,532,1124,38689
8,39,2015,8039,187,378,18150
8,41,2015,8041,36878,27118,424127
8,43,2015,8043,1824,1215,35302
8,45,2015,8045,541,1178,40006
8,47,2015,8047,59,139,4570
8,49,2015,8049,99,230,11352
8,51,2015,8051,94,414,11957
8,53,2015,8053,2,11,601
8,55,2015,8055,58,371,4966
8,57,2015,8057,5,26,1068
8,59,2015,8059,6023,20099,410281
8,61,2015,8061,8,11,1075
8,63,2015,8063,152,110,5501
8,65,2015,8065,58,192,5385
8,67,2015,8067,314,3281,38763
8,69,2015,8069,3257,9173,241219
8,71,2015,8071,229,614,10209
8,73,2015,8073,293,118,3963
8,75,2015,8075,700,440,15757
8,77,2015,8077,1146,3231,106708
8,79,2015,8079,5,10,603
8,81,2015,8081,85,253,9015
8,83,2015,8083,128,2585,17003
8,85,2015,8085,269,978,29655
8,87,2015,8087,606,547,19025
8,89,2015,8089,192,638,12617
8,91,2015,8091,15,48,3739
8,93,2015,8093,116,331,13062
8,95,2015,8095,34,54,3115
8,97,2015,8097,167,328,14221
8,99,2015,8099,94,206,8133
8,101,2015,8101,3032,5460,112870
8,103,2015,8103,70,134,4548
8,105,2015,8105,75,346,8139
8,107,2015,8107,166,304,18461
8,109,2015,8109,55,211,4455
8,111,2015,8111,5,10,580
8,113,2015,8113,76,148,6100
8,115,2015,8115,18,40,1808
8,117,2015,8117,334,560,24119
8,119,2015,8119,211,464,17953
8,121,2015,8121,46,23,3624
8,123,2015,8123,2914,7355,190065
8,125,2015,8125,41,105,7106
9,1,2015,9001,86347,45053,569095
9,3,2015,9003,100816,39885,538841
9,5,2015,9005,2793,3250,138586
9,7,2015,9007,6954,4438,117329
9,9,2015,9009,90327,32306,531414
9,11,2015,9011,15026,12843,182023
9,13,2015,9013,4469,5344,105117
9,15,2015,9015,2697,2135,84324
10,1,2015,10001,31647,4665,91819
10,3,2015,10003,102619,25512,289985
10,5,2015,10005,19986,4364,145873
11,1,2015,11001,250640,29958,251869
12,1,2015,12001,38139,13982,148009
12,3,2015,12003,2945,239,16904
12,5,2015,12005,14932,5129,118804
12,7,2015,12007,4169,248,16625
12,9,2015,12009,44367,15148,391438
12,11,2015,12011,396003,68119,983643
12,13,2015,12013,1665,286,9255
12,15,2015,12015,8451,2791,137286
12,17,2015,12017,3405,2537,111890
12,19,2015,12019,15982,6563,127543
12,21,2015,12021,17853,5846,263131
12,23,2015,12023,9337,974,41706
12,27,2015,12027,3625,585,23219
12,29,2015,12029,1298,125,11468
12,31,2015,12031,193430,40414,450999
12,33,2015,12033,49712,11518,173469
12,35,2015,12035,8966,2509,73228
12,37,2015,12037,1493,108,8089
12,39,2015,12039,18708,512,15708
12,41,2015,12041,620,177,12260
12,43,2015,12043,1582,560,9075
12,45,2015,12045,2653,151,10317
12,47,2015,12047,3823,191,7173
12,49,2015,12049,1580,453,17312
12,51,2015,12051,3443,913,22902
12,53,2015,12053,7401,2813,131619
12,55,2015,12055,7297,1795,71110
12,57,2015,12057,167979,52455,783039
12,59,2015,12059,1137,305,13656
12,61,2015,12061,9232,2469,107906
12,63,2015,12063,10387,647,27469
12,65,2015,12065,3877,100,7404
12,67,2015,12067,1149,70,5498
12,69,2015,12069,24997,8006,222420
12,71,2015,12071,43292,13392,502022
12,73,2015,12073,64905,8919,141919
12,75,2015,12075,2731,533,27981
12,77,2015,12077,1432,101,5041
12,79,2015,12079,5394,171,8872
12,81,2015,12081,23353,7930,255672
12,83,2015,12083,32670,6509,233691
12,85,2015,12085,6615,2996,117612
12,86,2015,12086,373686,48662,1656781
12,87,2015,12087,3977,1289,59263
12,89,2015,12089,3890,1048,56145
12,91,2015,12091,15109,7641,127866
12,93,2015,12093,2614,655,26466
12,95,2015,12095,205115,68036,687204
12,97,2015,12097,31250,10753,192679
12,99,2015,12099,191521,39893,884511
12,101,2015,12101,20777,12165,353146
12,103,2015,12103,75000,31697,666374
12,105,2015,12105,71099,14003,401816
12,107,2015,12107,8190,863,46013
12,109,2015,12109,9074,5559,156980
12,111,2015,12111,42937,6299,182119
12,113,2015,12113,8855,4849,112404
12,115,2015,12115,14420,6814,317856
12,117,2015,12117,40925,17847,284730
12,119,2015,12119,8160,1525,99832
12,121,2015,12121,4559,487,28608
12,123,2015,12123,3732,328,13783
12,125,2015,12125,3063,143,8732
12,127,2015,12127,41450,10711,360859
12,129,2015,12129,3878,392,20105
12,131,2015,12131,2794,1273,45564
12,133,2015,12133,3059,449,15712
13,1,2015,13001,2514,180,10721
13,3,2015,13003,1093,177,4556
13,5,2015,13005,1281,86,6728
13,7,2015,13007,1137,40,1300
13,9,2015,13009,13775,816,19182
13,11,2015,13011,418,278,13091
13,13,2015,13013,6093,2335,44942
13,15,2015,13015,7788,1353,65632
13,17,2015,13017,4239,171,8110
13,19,2015,13019,1460,172,12240
13,21,2015,13021,57035,2804,51158
13,23,2015,13023,1982,94,6993
13,25,2015,13025,466,99,12898
13,27,2015,13027,3959,152,7773
13,29,2015,13029,3654,702,19759
13,31,2015,13031,14901,1225,36027
13,33,2015,13033,7480,165,8685
13,35,2015,13035,5121,170,12775
13,37,2015,13037,3169,80,1908
13,39,2015,13039,7236,1069,29610
13,43,2015,13043,1885,90,5859
13,45,2015,13045,14882,1400,65981
13,47,2015,13047,1347,987,46672
13,49,2015,13049,3497,126,6652
13,51,2015,13051,81684,7847,125308
13,53,2015,13053,1683,479,6033
13,55,2015,13055,2173,219,16320
13,57,2015,13057,10707,4743,154380
13,59,2015,13059,24617,4694,62992
13,61,2015,13061,1345,21,1053
13,63,2015,13063,132604,12861,43882
13,65,2015,13065,1272,56,3627
13,67,2015,13067,145618,33646,361726
13,69,2015,13069,8632,469,22101
13,71,2015,13071,7193,733,24440
13,73,2015,13073,17605,5865,79915
13,75,2015,13075,3189,151,8778
13,77,2015,13077,17254,2576,79996
13,79,2015,13079,2028,143,7373
13,81,2015,13081,6704,275,9734
13,83,2015,13083,178,214,12084
13,85,2015,13085,169,227,17453
13,87,2015,13087,7924,316,11598
13,89,2015,13089,296850,38371,209096
13,91,2015,13091,4643,163,11249
13,93,2015,13093,5348,102,5593
13,95,2015,13095,43391,1003,21103
13,97,2015,13097,42885,2686,54001
13,99,2015,13099,3556,84,4036
13,101,2015,13101,163,93,2559
13,103,2015,13103,5499,739,34248
13,105,2015,13105,4153,161,10386
13,107,2015,13107,5327,172,11008
13,109,2015,13109,2340,147,5201
13,111,2015,13111,182,180,19241
13,113,2015,13113,18026,4220,59271
13,115,2015,13115,9937,1721,59050
13,117,2015,13117,5434,15678,125718
13,119,2015,13119,1543,217,15017
13,121,2015,13121,326233,55849,366885
13,123,2015,13123,272,335,22203
13,125,2015,13125,222,15,2032
13,127,2015,13127,15177,1404,46055
13,129,2015,13129,1943,860,38209
13,131,2015,13131,5158,360,12747
13,133,2015,13133,4276,178,8788
13,135,2015,13135,166491,85988,372676
13,137,2015,13137,1410,1193,30220
13,139,2015,13139,11089,4398,122729
13,141,2015,13141,4957,61,1997
13,143,2015,13143,1122,233,19916
13,145,2015,13145,4552,419,20401
13,147,2015,13147,3509,243,15838
13,149,2015,13149,928,93,7571
13,151,2015,13151,62621,6408,84616
13,153,2015,13153,32020,4381,71606
13,155,2015,13155,1801,63,5070
13,157,2015,13157,3394,1077,41306
13,159,2015,13159,2110,87,7865
13,161,2015,13161,1614,136,8748
13,163,2015,13163,6181,111,5644
13,165,2015,13165,2794,79,3923
13,167,2015,13167,2607,44,4992
13,169,2015,13169,5217,224,15603
13,171,2015,13171,3861,130,9409
13,173,2015,13173,1737,217,5650
13,175,2015,13175,11997,505,22434
13,177,2015,13177,4237,608,15791
13,179,2015,13179,18486,1890,22880
13,181,2015,13181,1807,50,4190
13,183,2015,13183,3307,347,8629
13,185,2015,13185,27754,2301,50275
13,187,2015,13187,489,410,22685
13,189,2015,13189,5994,159,9408
13,191,2015,13191,3761,121,7285
13,193,2015,13193,6349,225,4099
13,195,2015,13195,1977,408,18822
13,197,2015,13197,2030,277,4372
13,199,2015,13199,5953,185,9822
13,201,2015,13201,1125,51,3217
13,205,2015,13205,7756,194,8782
13,207,2015,13207,4924,296,15690
13,209,2015,13209,1823,38,4883
13,211,2015,13211,3108,197,10235
13,213,2015,13213,335,425,27854
13,215,2015,13215,67549,5446,73378
13,217,2015,13217,31312,1172,41492
13,219,2015,13219,1464,1146,22839
13,221,2015,13221,1991,148,9189
13,223,2015,13223,19071,1917,85663
13,225,2015,13225,8326,345,10932
13,227,2015,13227,333,323,22816
13,229,2015,13229,1294,220,12356
13,231,2015,13231,1409,101,11583
13,233,2015,13233,3755,481,25527
13,235,2015,13235,2767,127,6071
13,237,2015,13237,4103,217,12196
13,239,2015,13239,844,11,1010
13,241,2015,13241,177,143,12677
13,243,2015,13243,3198,49,2172
13,245,2015,13245,80404,4431,63525
13,247,2015,13247,32120,1765,30017
13,249,2015,13249,800,26,2812
13,251,2015,13251,4315,99,6329
13,253,2015,13253,2063,61,4450
13,255,2015,13255,14826,733,31649
13,257,2015,13257,2161,238,16760
13,259,2015,13259,2387,99,2404
13,261,2015,13261,11148,523,10673
13,263,2015,13263,2739,40,2258
13,265,2015,13265,750,11,550
13,267,2015,13267,6015,240,13145
13,269,2015,13269,2411,54,3951
13,271,2015,13271,4855,164,8190
13,273,2015,13273,3848,68,2868
13,275,2015,13275,11749,586,20950
13,277,2015,13277,8250,627,20056
13,279,2015,13279,4612,342,14241
13,281,2015,13281,90,87,8743
13,283,2015,13283,1523,33,3429
13,285,2015,13285,17263,1249,31769
13,287,2015,13287,2137,86,3606
13,289,2015,13289,2694,42,3930
13,291,2015,13291,194,207,17873
13,293,2015,13293,5400,229,14336
13,295,2015,13295,2391,536,48477
13,297,2015,13297,10038,1353,52323
13,299,2015,13299,7305,432,18455
13,301,2015,13301,2409,31,1770
13,303,2015,13303,8139,128,7501
13,305,2015,13305,4145,300,17051
13,307,2015,13307,838,13,1176
13,309,2015,13309,2550,22,3848
13,311,2015,13311,481,255,20815
13,313,2015,13313,3338,2248,68107
13,315,2015,13315,2578,67,4342
13,317,2015,13317,3084,79,4357
13,319,2015,13319,2610,76,4196
13,321,2015,13321,4241,152,11083
15,1,2015,15001,2263,85447,61177
15,3,2015,15003,29448,555923,176104
15,5,2015,15005,3,51,35
15,7,2015,15007,698,32160,21467
15,9,2015,15009,1758,72575,50152
16,1,2015,16001,3993,13390,298502
16,3,2015,16003,14,56,3047
16,5,2015,16005,597,3301,55098
16,7,2015,16007,20,57,4085
16,9,2015,16009,45,586,6243
16,11,2015,16011,161,2531,27013
16,13,2015,16013,65,419,15706
16,15,2015,16015,24,153,5505
16,17,2015,16017,107,601,31929
16,19,2015,16019,588,1844,70885
16,21,2015,16021,57,240,8117
16,23,2015,16023,12,31,1783
16,25,2015,16025,4,15,783
16,27,2015,16027,1154,4982,133867
16,29,2015,16029,15,69,4614
16,31,2015,16031,95,398,14785
16,33,2015,16033,7,26,587
16,35,2015,16035,50,201,6735
16,37,2015,16037,18,43,3254
16,39,2015,16039,676,1108,16741
16,41,2015,16041,35,72,8212
16,43,2015,16043,70,133,8720
16,45,2015,16045,45,298,12269
16,47,2015,16047,64,316,10220
16,49,2015,16049,54,462,12154
16,51,2015,16051,78,393,16634
16,53,2015,16053,105,449,14589
16,55,2015,16055,532,3036,108378
16,57,2015,16057,306,1091,27523
16,59,2015,16059,39,104,6070
16,61,2015,16061,22,197,2647
16,63,2015,16063,26,80,3429
16,65,2015,16065,181,606,23901
16,67,2015,16067,118,418,13553
16,69,2015,16069,178,2031,28297
16,71,2015,16071,9,41,2916
16,73,2015,16073,75,478,7495
16,75,2015,16075,74,520,15589
16,77,2015,16077,49,201,4821
16,79,2015,16079,66,256,9405
16,81,2015,16081,54,113,7297
16,83,2015,16083,408,1884,55092
16,85,2015,16085,48,146,7920
16,87,2015,16087,47,181,7170
17,1,2015,17001,1836,559,47954
17,3,2015,17003,1587,60,3401
17,5,2015,17005,1040,197,12037
17,7,2015,17007,984,903,36418
17,9,2015,17009,1270,107,4244
17,11,2015,17011,236,362,24947
17,13,2015,17013,18,17,3778
17,15,2015,17015,153,100,11275
17,17,2015,17017,371,113,9041
17,19,2015,17019,18851,17907,118382
17,21,2015,17021,490,234,25186
17,23,2015,17023,68,84,11849
17,25,2015,17025,67,150,9959
17,27,2015,17027,1287,307,27359
17,29,2015,17029,1559,631,38077
17,31,2015,17031,940883,349874,2645617
17,33,2015,17033,921,164,14075
17,35,2015,17035,53,60,8043
17,37,2015,17037,5126,2802,68336
17,39,2015,17039,144,96,12207
17,41,2015,17041,121,143,14054
17,43,2015,17043,34555,86348,572112
17,45,2015,17045,83,72,13448
17,47,2015,17047,28,32,4885
17,49,2015,17049,137,200,25198
17,51,2015,17051,1059,118,15656
17,53,2015,17053,110,77,10084
17,55,2015,17055,191,268,29452
17,57,2015,17057,1367,318,26193
17,59,2015,17059,40,20,4053
17,61,2015,17061,95,47,9900
17,63,2015,17063,560,469,35404
17,65,2015,17065,42,41,6138
17,67,2015,17067,74,91,14201
17,69,2015,17069,77,38,3151
17,71,2015,17071,30,34,5466
17,73,2015,17073,636,285,36254
17,75,2015,17075,253,183,21308
17,77,2015,17077,6426,2364,36829
17,79,2015,17079,23,53,7140
17,81,2015,17081,2570,445,26209
17,83,2015,17083,134,176,16638
17,85,2015,17085,103,142,17157
17,87,2015,17087,1140,69,8942
17,89,2015,17089,22179,20800,332734
17,91,2015,17091,11807,1338,67973
17,93,2015,17093,5966,3463,74505
17,95,2015,17095,3227,572,36045
17,97,2015,17097,36769,44145,424680
17,99,2015,17099,2485,1012,81161
17,101,2015,17101,1665,113,11246
17,103,2015,17103,1732,347,24850
17,105,2015,17105,1441,303,26169
17,107,2015,17107,2140,280,20494
17,109,2015,17109,1286,568,22196
17,111,2015,17111,3383,7981,212873
17,113,2015,17113,9406,7011,110306
17,115,2015,17115,12760,1272,66572
17,117,2015,17117,324,270,34654
17,119,2015,17119,15648,2990,182449
17,121,2015,17121,1127,314,27328
17,123,2015,17123,58,80,9200
17,125,2015,17125,95,80,10323
17,127,2015,17127,690,119,10428
17,129,2015,17129,104,58,9274
17,131,2015,17131,98,64,11923
17,133,2015,17133,121,205,25159
17,135,2015,17135,793,169,21338
17,137,2015,17137,1787,257,24776
17,139,2015,17139,55,60,10790
17,141,2015,17141,429,386,37867
17,143,2015,17143,22392,5987,108452
17,145,2015,17145,1644,185,14992
17,147,2015,17147,81,89,12176
17,149,2015,17149,285,78,11779
17,151,2015,17151,167,43,3232
17,153,2015,17153,1371,36,2931
17,155,2015,17155,35,29,4361
17,157,2015,17157,3166,202,22562
17,159,2015,17159,99,148,11909
17,161,2015,17161,10414,3165,96289
17,163,2015,17163,56027,4382,134436
17,165,2015,17165,658,217,17803
17,167,2015,17167,16625,3606,128759
17,169,2015,17169,215,31,5273
17,171,2015,17171,24,17,3844
17,173,2015,17173,75,112,16523
17,175,2015,17175,39,27,4398
17,177,2015,17177,3118,338,31507
17,179,2015,17179,1406,1302,98564
17,181,2015,17181,208,146,13063
17,183,2015,17183,7311,820,50462
17,185,2015,17185,100,109,8551
17,187,2015,17187,333,297,12312
17,189,2015,17189,94,62,10838
17,191,2015,17191,72,109,12206
17,193,2015,17193,102,80,10775
17,195,2015,17195,784,476,41684
17,197,2015,17197,57902,30565,400845
17,199,2015,17199,2379,777,48348
17,201,2015,17201,25562,7237,179720
17,203,2015,17203,204,323,28027
18,1,2015,18001,128,178,22881
18,3,2015,18003,30298,11058,221755
18,5,2015,18005,1482,3869,54589
18,7,2015,18007,79,30,6173
18,9,2015,18009,71,53,9166
18,11,2015,18011,774,1253,42847
18,13,2015,18013,78,105,11605
18,15,2015,18015,102,82,14719
18,17,2015,18017,578,814,26635
18,19,2015,18019,6586,1444,78371
18,21,2015,18021,137,123,19580
18,23,2015,18023,153,176,23066
18,25,2015,18025,53,61,7881
18,27,2015,18027,323,245,21941
18,29,2015,18029,295,324,36272
18,31,2015,18031,128,366,18892
18,33,2015,18033,187,302,30596
18,35,2015,18035,6103,1578,80439
18,37,2015,18037,170,287,30831
18,39,2015,18039,8462,2855,130357
18,41,2015,18041,313,102,17244
18,43,2015,18043,2956,859,53389
18,45,2015,18045,68,92,12269
18,47,2015,18047,73,132,16604
18,49,2015,18049,147,221,14625
18,51,2015,18051,577,211,24330
18,53,2015,18053,3674,737,46638
18,55,2015,18055,83,199,24267
18,57,2015,18057,8702,13404,193171
18,59,2015,18059,1344,688,51563
18,61,2015,18061,195,259,29380
18,63,2015,18063,6877,3688,103280
18,65,2015,18065,1209,241,36221
18,67,2015,18067,4386,1017,56611
18,69,2015,18069,169,315,27001
18,71,2015,18071,360,790,31245
18,73,2015,18073,197,214,23988
18,75,2015,18075,67,110,15002
18,77,2015,18077,519,267,23885
18,79,2015,18079,209,106,20230
18,81,2015,18081,2131,3355,102984
18,83,2015,18083,741,404,26922
18,85,2015,18085,608,966,55779
18,87,2015,18087,114,190,24453
18,89,2015,18089,84352,8656,264887
18,91,2015,18091,9344,991,73900
18,93,2015,18093,191,406,33878
18,95,2015,18095,8390,1193,88469
18,97,2015,18097,183528,25062,474461
18,99,2015,18099,317,419,33121
18,101,2015,18101,36,58,7537
18,103,2015,18103,1598,443,25244
18,105,2015,18105,4026,8356,97971
18,107,2015,18107,323,313,27726
18,109,2015,18109,279,435,51183
18,111,2015,18111,97,110,10460
18,113,2015,18113,274,328,33894
18,115,2015,18115,31,29,4626
18,117,2015,18117,175,123,14215
18,119,2015,18119,103,132,15594
18,121,2015,18121,398,83,12465
18,123,2015,18123,541,122,14311
18,125,2015,18125,74,66,9455
18,127,2015,18127,4471,2803,117998
18,129,2015,18129,204,140,18807
18,131,2015,18131,90,80,9503
18,133,2015,18133,1358,373,26824
18,135,2015,18135,132,145,18409
18,137,2015,18137,127,216,20732
18,139,2015,18139,126,81,12272
18,141,2015,18141,24037,6126,165038
18,143,2015,18143,88,172,17570
18,145,2015,18145,417,489,32387
18,147,2015,18147,157,111,15342
18,149,2015,18149,94,131,16997
18,151,2015,18151,235,240,25545
18,153,2015,18153,878,103,15266
18,155,2015,18155,69,57,7530
18,157,2015,18157,6491,11427,118361
18,159,2015,18159,70,94,11520
18,161,2015,18161,54,39,5353
18,163,2015,18163,12137,2488,122184
18,165,2015,18165,63,74,11712
18,167,2015,18167,6255,2137,73091
18,169,2015,18169,179,324,23686
18,171,2015,18171,26,51,6211
18,173,2015,18173,771,1117,43496
18,175,2015,18175,105,118,20487
18,177,2015,18177,2745,710,46954
18,179,2015,18179,151,181,20240
18,181,2015,18181,162,184,17707
18,183,2015,18183,145,182,24602
19,1,2015,19001,19,36,5506
19,3,2015,19003,12,31,2865
19,5,2015,19005,129,121,10264
19,7,2015,19007,78,77,9384
19,9,2015,19009,20,24,4441
19,11,2015,19011,104,121,18742
19,13,2015,19013,8252,2494,89082
19,15,2015,19015,192,197,19765
19,17,2015,19017,170,198,17913
19,19,2015,19019,81,87,14841
19,21,2015,19021,415,1351,12844
19,23,2015,19023,47,87,11013
19,25,2015,19025,172,56,7360
19,27,2015,19027,142,132,14872
19,29,2015,19029,36,107,9987
19,31,2015,19031,64,123,13602
19,33,2015,19033,475,462,32198
19,35,2015,19035,88,83,8787
19,37,2015,19037,49,33,8903
19,39,2015,19039,71,90,6632
19,41,2015,19041,101,125,12158
19,43,2015,19043,75,76,13247
19,45,2015,19045,1052,369,34295
19,47,2015,19047,260,369,11577
19,49,2015,19049,992,2440,52315
19,51,2015,19051,13,37,6001
19,53,2015,19053,110,97,5771
19,55,2015,19055,58,61,12780
19,57,2015,19057,1511,370,28146
19,59,2015,19059,50,100,13389
19,61,2015,19061,1897,1335,68359
19,63,2015,19063,54,145,7189
19,65,2015,19065,174,200,14986
19,67,2015,19067,215,199,11545
19,69,2015,19069,60,78,7579
19,71,2015,19071,30,44,5185
19,73,2015,19073,27,50,6699
19,75,2015,19075,48,32,9185
19,77,2015,19077,39,63,7941
19,79,2015,19079,82,266,10986
19,81,2015,19081,45,68,8123
19,83,2015,19083,161,107,12944
19,85,2015,19085,40,72,10641
19,87,2015,19087,358,466,14169
19,89,2015,19089,30,37,6807
19,91,2015,19091,43,43,7108
19,93,2015,19093,24,37,5151
19,95,2015,19095,80,86,12037
19,97,2015,19097,98,143,14489
19,99,2015,19099,592,282,26966
19,101,2015,19101,316,1948,12086
19,103,2015,19103,6005,7289,94098
19,105,2015,19105,427,124,15056
19,107,2015,19107,42,38,7518
19,109,2015,19109,75,94,11350
19,111,2015,19111,909,270,25594
19,113,2015,19113,6897,4562,150817
19,115,2015,19115,90,231,7965
19,117,2015,19117,25,40,6437
19,119,2015,19119,30,53,8101
19,121,2015,19121,54,93,11193
19,123,2015,19123,215,275,15886
19,125,2015,19125,198,376,23527
19,127,2015,19127,619,1087,27821
19,129,2015,19129,82,104,10764
19,131,2015,19131,82,64,7849
19,133,2015,19133,39,91,6772
19,135,2015,19135,44,43,5821
19,137,2015,19137,44,63,7612
19,139,2015,19139,627,648,29840
19,141,2015,19141,85,124,10207
19,143,2015,19143,23,65,4501
19,145,2015,19145,296,215,11548
19,147,2015,19147,53,78,6700
19,149,2015,19149,113,210,17757
19,151,2015,19151,49,50,5184
19,153,2015,19153,20735,16093,301614
19,155,2015,19155,1138,1094,66627
19,157,2015,19157,224,270,13478
19,159,2015,19159,17,30,3724
19,161,2015,19161,28,54,7460
19,163,2015,19163,8795,4068,113859
19,165,2015,19165,128,75,8822
19,167,2015,19167,300,381,23309
19,169,2015,19169,2032,6003,62823
19,171,2015,19171,81,952,11792
19,173,2015,19173,26,31,4548
19,175,2015,19175,95,85,9040
19,177,2015,19177,20,41,5445
19,179,2015,19179,658,504,25166
19,181,2015,19181,294,335,34311
19,183,2015,19183,161,144,15890
19,185,2015,19185,26,31,4650
19,187,2015,19187,1195,438,26055
19,189,2015,19189,137,103,7722
19,191,2015,19191,118,185,15303
19,193,2015,19193,2244,3857,66707
19,195,2015,19195,54,42,5719
19,197,2015,19197,85,78,9378
20,1,2015,20001,215,152,9053
20,3,2015,20003,37,78,5597
20,5,2015,20005,640,162,10966
20,7,2015,20007,38,56,3540
20,9,2015,20009,367,265,19148
20,11,2015,20011,348,196,9972
20,13,2015,20013,135,630,6342
20,15,2015,20015,1095,1110,45406
20,17,2015,20017,37,19,1996
20,19,2015,20019,45,147,2453
20,21,2015,20021,139,804,14193
20,23,2015,20023,6,31,2029
20,25,2015,20025,9,33,1475
20,27,2015,20027,62,80,6062
20,29,2015,20029,69,105,6663
20,31,2015,20031,65,120,6139
20,33,2015,20033,2,13,1337
20,35,2015,20035,855,1260,23989
20,37,2015,20037,704,1032,27245
20,39,2015,20039,21,20,2244
20,41,2015,20041,166,217,13849
20,43,2015,20043,181,109,5428
20,45,2015,20045,4423,7385,76892
20,47,2015,20047,30,43,2142
20,49,2015,20049,10,45,1955
20,51,2015,20051,269,508,20790
20,53,2015,20053,336,65,4688
20,55,2015,20055,736,1491,22160
20,57,2015,20057,724,876,21533
20,59,2015,20059,287,320,17975
20,61,2015,20061,4980,1812,18296
20,63,2015,20063,14,10,1929
20,65,2015,20065,88,35,1894
20,67,2015,20067,47,160,4815
20,69,2015,20069,35,41,4090
20,71,2015,20071,5,13,946
20,73,2015,20073,29,78,4709
20,75,2015,20075,7,47,1638
20,77,2015,20077,23,78,4187
20,79,2015,20079,511,495,24145
20,81,2015,20081,17,84,2656
20,83,2015,20083,13,13,1414
20,85,2015,20085,102,846,8705
20,87,2015,20087,111,215,13741
20,89,2015,20089,8,22,2321
20,91,2015,20091,20676,23256,377867
20,93,2015,20093,28,63,2583
20,95,2015,20095,23,83,5709
20,97,2015,20097,25,32,1811
20,99,2015,20099,720,544,14211
20,101,2015,20101,13,23,1228
20,103,2015,20103,6213,1828,50513
20,105,2015,20105,15,29,2282
20,107,2015,20107,65,96,6986
20,109,2015,20109,20,53,2053
20,111,2015,20111,785,1127,22629
20,113,2015,20113,299,378,20890
20,115,2015,20115,112,112,8928
20,117,2015,20117,38,86,7305
20,119,2015,20119,36,59,2950
20,121,2015,20121,353,313,22963
20,123,2015,20123,18,41,4588
20,125,2015,20125,1313,1292,21743
20,127,2015,20127,43,50,4278
20,129,2015,20129,24,100,2027
20,131,2015,20131,62,90,7182
20,133,2015,20133,182,261,11388
20,135,2015,20135,14,24,2243
20,137,2015,20137,174,50,4157
20,139,2015,20139,98,148,11536
20,141,2015,20141,11,40,2803
20,143,2015,20143,43,41,4333
20,145,2015,20145,289,80,5022
20,147,2015,20147,17,52,3985
20,149,2015,20149,271,334,15317
20,151,2015,20151,108,125,6797
20,153,2015,20153,9,15,1949
20,155,2015,20155,1770,812,44807
20,157,2015,20157,33,23,3649
20,159,2015,20159,149,134,6911
20,161,2015,20161,4206,3598,49032
20,163,2015,20163,30,41,3809
20,165,2015,20165,17,28,2421
20,167,2015,20167,76,112,5161
20,169,2015,20169,1610,1409,37843
20,171,2015,20171,24,47,3502
20,173,2015,20173,34391,24041,306199
20,175,2015,20175,690,805,13641
20,177,2015,20177,11503,4367,115380
20,179,2015,20179,9,10,1855
20,181,2015,20181,54,71,4291
20,183,2015,20183,12,28,2877
20,185,2015,20185,26,74,3027
20,187,2015,20187,18,32,1393
20,189,2015,20189,37,87,3724
20,191,2015,20191,223,351,16590
20,193,2015,20193,69,98,5546
20,195,2015,20195,12,28,2294
20,197,2015,20197,63,46,4960
20,199,2015,20199,8,8,1091
20,201,2015,20201,25,40,4153
20,203,2015,20203,22,13,1487
20,205,2015,20205,61,151,6365
20,207,2015,20207,27,26,2348
20,209,2015,20209,28374,6619,78750
21,1,2015,21001,410,96,13763
21,3,2015,21003,206,101,14958
21,5,2015,21005,391,142,15696
21,7,2015,21007,221,38,5965
21,9,2015,21009,1410,396,30586
21,11,2015,21011,157,52,8724
21,13,2015,21013,539,146,20231
21,15,2015,21015,2860,2780,84458
21,17,2015,21017,973,113,14029
21,19,2015,21019,1235,340,35639
21,21,2015,21021,1930,263,20542
21,23,2015,21023,51,26,6077
21,25,2015,21025,41,69,10226
21,27,2015,21027,364,118,14487
21,29,2015,21029,673,647,57729
21,31,2015,21031,53,68,9556
21,33,2015,21033,520,60,9000
21,35,2015,21035,1202,857,27292
21,37,2015,21037,1897,971,66363
21,39,2015,21039,65,35,3602
21,41,2015,21041,179,72,7546
21,43,2015,21043,128,117,20114
21,45,2015,21045,118,91,11731
21,47,2015,21047,10789,1633,38761
21,49,2015,21049,1307,192,25412
21,51,2015,21051,803,63,15259
21,53,2015,21053,48,86,7487
21,55,2015,21055,87,54,6779
21,57,2015,21057,156,17,4980
21,59,2015,21059,3558,871,68494
21,61,2015,21061,125,64,9185
21,63,2015,21063,271,31,5813
21,65,2015,21065,43,47,10861
21,67,2015,21067,34340,10725,192285
21,69,2015,21069,177,44,10491
21,71,2015,21071,260,115,28173
21,73,2015,21073,3910,881,33489
21,75,2015,21075,1075,62,3651
21,77,2015,21077,114,48,6128
21,79,2015,21079,303,73,12715
21,81,2015,21081,163,150,17182
21,83,2015,21083,1212,264,26035
21,85,2015,21085,273,106,19044
21,87,2015,21087,186,48,8253
21,89,2015,21089,260,248,26989
21,91,2015,21091,87,44,6202
21,93,2015,21093,9908,2767,64701
21,95,2015,21095,490,160,20230
21,97,2015,21097,331,89,13575
21,99,2015,21099,748,84,12804
21,101,2015,21101,2756,309,31561
21,103,2015,21103,380,87,11116
21,105,2015,21105,344,20,3260
21,107,2015,21107,2300,317,32205
21,109,2015,21109,31,38,9995
21,111,2015,21111,116317,17345,440958
21,113,2015,21113,1512,601,35554
21,115,2015,21115,85,101,17278
21,117,2015,21117,5767,2163,113491
21,119,2015,21119,119,30,11798
21,121,2015,21121,289,151,23022
21,123,2015,21123,357,69,10310
21,125,2015,21125,372,424,44054
21,127,2015,21127,45,45,11699
21,129,2015,21129,52,30,5145
21,131,2015,21131,33,27,8126
21,133,2015,21133,105,64,17524
21,135,2015,21135,51,40,10203
21,137,2015,21137,454,78,17639
21,139,2015,21139,56,65,7110
21,141,2015,21141,1325,150,18357
21,143,2015,21143,443,48,6460
21,145,2015,21145,5102,634,43871
21,147,2015,21147,1050,186,12321
21,149,2015,21149,66,36,6956
21,151,2015,21151,3088,1067,60735
21,153,2015,21153,25,40,9547
21,155,2015,21155,1108,159,12921
21,157,2015,21157,100,146,23902
21,159,2015,21159,881,69,8602
21,161,2015,21161,845,112,11757
21,163,2015,21163,748,392,19495
21,165,2015,21165,77,15,4815
21,167,2015,21167,645,137,15408
21,169,2015,21169,140,35,7209
21,171,2015,21171,196,27,7802
21,173,2015,21173,666,141,19596
21,175,2015,21175,565,73,9852
21,177,2015,21177,1199,122,22571
21,179,2015,21179,1725,267,30988
21,181,2015,21181,41,20,5247
21,183,2015,21183,340,100,17358
21,185,2015,21185,2616,1052,42874
21,187,2015,21187,110,42,7848
21,189,2015,21189,19,13,3396
21,191,2015,21191,61,75,10761
21,193,2015,21193,363,150,20465
21,195,2015,21195,362,327,46630
21,197,2015,21197,98,41,8947
21,199,2015,21199,617,479,47098
21,201,2015,21201,9,7,1669
21,203,2015,21203,54,65,12771
21,205,2015,21205,322,168,17104
21,207,2015,21207,112,102,13141
21,209,2015,21209,2151,614,34712
21,211,2015,21211,2595,584,30410
21,213,2015,21213,1318,208,11713
21,215,2015,21215,256,116,12947
21,217,2015,21217,997,213,17532
21,219,2015,21219,773,47,8030
21,221,2015,21221,853,98,9933
21,223,2015,21223,80,78,6404
21,225,2015,21225,1324,122,9846
21,227,2015,21227,8371,3349,77858
21,229,2015,21229,564,61,8306
21,231,2015,21231,329,119,15198
21,233,2015,21233,487,106,9330
21,235,2015,21235,237,214,25525
21,237,2015,21237,15,22,5381
21,239,2015,21239,1038,194,18135
22,1,2015,22001,7611,374,36474
22,3,2015,22003,4699,583,14046
22,5,2015,22005,18398,1744,63640
22,7,2015,22007,4908,178,12112
22,9,2015,22009,8775,605,21029
22,11,2015,22011,3612,566,22381
22,13,2015,22013,4271,86,6038
22,15,2015,22015,19079,2809,69103
22,17,2015,22017,84885,3762,95868
22,19,2015,22019,34752,3029,106964
22,21,2015,22021,1301,62,6140
22,23,2015,22023,206,42,4856
22,25,2015,22025,2327,37,5264
22,27,2015,22027,6551,187,6266
22,29,2015,22029,5773,101,8957
22,31,2015,22031,7219,297,12368
22,33,2015,22033,142477,13281,174264
22,35,2015,22035,3498,55,1771
22,37,2015,22037,6823,118,8563
22,39,2015,22039,6506,193,17481
22,41,2015,22041,4295,85,10377
22,43,2015,22043,2981,299,13886
22,45,2015,22045,15792,1999,34841
22,47,2015,22047,11849,183,13289
22,49,2015,22049,3513,75,8452
22,51,2015,22051,83622,17165,231903
22,53,2015,22053,3711,235,18660
22,55,2015,22055,42818,4157,129327
22,57,2015,22057,9037,2780,60804
22,59,2015,22059,1438,164,9534
22,61,2015,22061,13905,815,20006
22,63,2015,22063,5767,1209,91720
22,65,2015,22065,5061,62,3377
22,67,2015,22067,8716,168,10533
22,69,2015,22069,10903,544,16587
22,71,2015,22071,172146,11891,116730
22,73,2015,22073,38889,1679,71955
22,75,2015,22075,3388,1053,12329
22,77,2015,22077,5630,100,11022
22,79,2015,22079,28872,2501,64557
22,81,2015,22081,2324,57,3925
22,83,2015,22083,5039,125,9831
22,85,2015,22085,2843,1673,13300
22,87,2015,22087,6428,1189,24501
22,89,2015,22089,9768,624,27815
22,91,2015,22091,4058,55,3940
22,93,2015,22093,7713,99,8251
22,95,2015,22095,16940,553,14185
22,97,2015,22097,23434,542,35278
22,99,2015,22099,11360,640,27344
22,101,2015,22101,12161,1593,24911
22,103,2015,22103,20662,4427,158589
22,105,2015,22105,25461,1297,66080
22,107,2015,22107,1787,14,1654
22,109,2015,22109,14705,5612,61759
22,111,2015,22111,4127,130,12696
22,113,2015,22113,5630,1218,36122
22,115,2015,22115,5416,1800,29053
22,117,2015,22117,9932,253,24038
22,119,2015,22119,9889,287,19849
22,121,2015,22121,7040,145,11540
22,123,2015,22123,1274,76,7007
22,125,2015,22125,6140,51,6436
22,127,2015,22127,3398,139,7534
23,1,2015,23001,2114,1196,77655
23,3,2015,23003,447,1234,52547
23,5,2015,23005,5323,6134,214670
23,7,2015,23007,114,242,23115
23,9,2015,23009,381,669,42848
23,11,2015,23011,686,1482,91302
23,13,2015,23013,274,339,31210
23,15,2015,23015,172,294,27105
23,17,2015,23017,224,477,44176
23,19,2015,23019,1073,2918,114992
23,21,2015,23021,76,150,13454
23,23,2015,23023,265,374,27067
23,25,2015,23025,226,452,39284
23,27,2015,23027,177,399,30091
23,29,2015,23029,175,1328,23419
23,31,2015,23031,1340,2621,153396
24,1,2015,24001,5095,769,51256
24,3,2015,24003,70746,21395,332473
24,5,2015,24005,169753,41897,417651
24,9,2015,24009,9152,1694,55977
24,11,2015,24011,3438,520,20228
24,13,2015,24013,4630,2756,118881
24,15,2015,24015,5163,1463,69644
24,17,2015,24017,50512,5500,57885
24,19,2015,24019,6640,439,17825
24,21,2015,24021,16511,9634,154599
24,23,2015,24023,180,140,22809
24,25,2015,24025,24111,7058,156402
24,27,2015,24027,42819,42269,144442
24,29,2015,24029,2397,218,13043
24,31,2015,24031,145682,134844,493530
24,33,2015,24033,452329,43530,181749
24,35,2015,24035,2656,683,33788
24,37,2015,24037,11830,3088,65956
24,39,2015,24039,8300,317,11452
24,41,2015,24041,3830,490,25591
24,43,2015,24043,12525,2452,98235
24,45,2015,24045,18382,2954,53532
24,47,2015,24047,5263,751,35559
24,510,2015,24510,293449,17628,162533
25,1,2015,25001,4714,3717,168275
25,3,2015,25003,3080,1809,96817
25,5,2015,25005,19831,12749,392767
25,7,2015,25007,641,354,12849
25,9,2015,25009,36786,28720,520542
25,11,2015,25011,886,1219,54518
25,13,2015,25013,36687,11972,302133
25,15,2015,25015,3964,7244,112471
25,17,2015,25017,66463,145382,1004521
25,19,2015,25019,780,141,7549
25,21,2015,25021,36665,58080,434239
25,23,2015,25023,36679,8209,339180
25,25,2015,25025,147395,65523,399728
25,27,2015,25027,32292,32867,551014
26,1,2015,26001,46,92,8700
26,3,2015,26003,679,359,6751
26,5,2015,26005,1210,1405,81214
26,7,2015,26007,115,270,22331
26,9,2015,26009,80,246,18075
26,11,2015,26011,69,197,11899
26,13,2015,26013,678,896,5237
26,15,2015,26015,274,478,43815
26,17,2015,26017,1456,1239,78888
26,19,2015,26019,95,281,13494
26,21,2015,26021,16188,3317,96892
26,23,2015,26023,903,428,31050
26,25,2015,26025,10984,3139,85639
26,27,2015,26027,2270,893,36305
26,29,2015,26029,119,501,19849
26,31,2015,26031,174,765,19593
26,33,2015,26033,2544,4673,22585
26,35,2015,26035,175,304,23447
26,37,2015,26037,1160,1314,55482
26,39,2015,26039,76,104,10821
26,41,2015,26041,132,860,27289
26,43,2015,26043,129,261,19700
26,45,2015,26045,5800,2338,74465
26,47,2015,26047,205,1149,24388
26,49,2015,26049,59880,6040,239605
26,51,2015,26051,97,213,19622
26,53,2015,26053,679,359,11630
26,55,2015,26055,1124,1444,68111
26,57,2015,26057,2241,385,29094
26,59,2015,26059,209,341,33772
26,61,2015,26061,321,1163,25134
26,63,2015,26063,124,233,24660
26,65,2015,26065,25186,15607,171298
26,67,2015,26067,2944,589,44366
26,69,2015,26069,153,326,20198
26,71,2015,26071,39,154,9104
26,73,2015,26073,1527,3215,47570
26,75,2015,26075,10151,1736,108558
26,77,2015,26077,21000,7189,165770
26,79,2015,26079,94,182,12997
26,81,2015,26081,45748,17519,397949
26,83,2015,26083,5,5,1786
26,85,2015,26085,857,136,8297
26,87,2015,26087,841,872,65334
26,89,2015,26089,95,654,17108
26,91,2015,26091,2294,999,71118
26,93,2015,26093,962,2207,137446
26,95,2015,26095,754,275,4223
26,97,2015,26097,192,1531,7166
26,99,2015,26099,68829,27837,562011
26,101,2015,26101,810,554,18269
26,103,2015,26103,1117,1442,49770
26,105,2015,26105,219,424,21652
26,107,2015,26107,998,659,30667
26,109,2015,26109,113,534,17928
26,111,2015,26111,942,1854,60556
26,113,2015,26113,61,149,10970
26,115,2015,26115,2654,1424,108912
26,117,2015,26117,1377,609,45162
26,119,2015,26119,41,72,7624
26,121,2015,26121,17613,2500,107934
26,123,2015,26123,516,517,34831
26,125,2015,26125,135559,68183,739658
26,127,2015,26127,169,358,18856
26,129,2015,26129,82,230,16362
26,131,2015,26131,29,76,5036
26,133,2015,26133,150,161,16932
26,135,2015,26135,36,79,6459
26,137,2015,26137,141,282,18118
26,139,2015,26139,3551,7388,188252
26,141,2015,26141,74,119,10348
26,143,2015,26143,136,274,19478
26,145,2015,26145,26359,3031,116192
26,147,2015,26147,3139,1697,116946
26,149,2015,26149,1291,700,42345
26,151,2015,26151,212,310,30949
26,153,2015,26153,59,550,5951
26,155,2015,26155,372,636,50677
26,157,2015,26157,473,400,40349
26,159,2015,26159,2357,1127,51913
26,161,2015,26161,34558,27683,209202
26,163,2015,26163,501504,51676,741613
26,165,2015,26165,186,362,24061
27,1,2015,27001,89,340,12288
27,3,2015,27003,12534,13577,227085
27,5,2015,27005,155,1913,22364
27,7,2015,27007,277,6153,25931
27,9,2015,27009,805,481,27879
27,11,2015,27011,21,34,3858
27,13,2015,27013,1543,1498,46100
27,15,2015,27015,95,154,18881
27,17,2015,27017,563,1636,24542
27,19,2015,27019,1077,2395,65454
27,21,2015,27021,98,2306,19666
27,23,2015,27023,84,226,8734
27,25,2015,27025,662,770,39069
27,27,2015,27027,927,1376,42339
27,29,2015,27029,40,573,5817
27,31,2015,27031,36,381,3904
27,33,2015,27033,97,352,8106
27,35,2015,27035,327,766,47213
27,37,2015,27037,16125,17160,269245
27,39,2015,27039,104,132,14110
27,41,2015,27041,151,240,28136
27,43,2015,27043,60,93,10541
27,45,2015,27045,75,100,15243
27,47,2015,27047,271,418,22663
27,49,2015,27049,360,672,33961
27,51,2015,27051,28,46,4428
27,53,2015,27053,104481,77149,741697
27,55,2015,27055,97,109,14134
27,57,2015,27057,67,468,15377
27,59,2015,27059,239,440,27621
27,61,2015,27061,145,1356,33360
27,63,2015,27063,46,153,7460
27,65,2015,27065,70,192,11791
27,67,2015,27067,905,336,30195
27,69,2015,27069,9,27,3317
27,71,2015,27071,75,302,9715
27,73,2015,27073,16,50,5269
27,75,2015,27075,40,77,8342
27,77,2015,27077,12,62,3052
27,79,2015,27079,121,225,19980
27,81,2015,27081,13,30,4305
27,83,2015,27083,427,685,17218
27,85,2015,27085,186,308,26179
27,87,2015,27087,44,1417,2198
27,89,2015,27089,32,64,6955
27,91,2015,27091,89,171,15032
27,93,2015,27093,128,106,16661
27,95,2015,27095,112,1082,17894
27,97,2015,27097,130,232,24012
27,99,2015,27099,786,832,27081
27,101,2015,27101,26,115,6311
27,103,2015,27103,591,458,23592
27,105,2015,27105,613,1088,13718
27,107,2015,27107,37,136,4804
27,109,2015,27109,5435,7244,98410
27,111,2015,27111,418,564,43144
27,113,2015,27113,153,272,10181
27,115,2015,27115,662,863,21035
27,117,2015,27117,91,154,6542
27,119,2015,27119,368,668,22222
27,121,2015,27121,38,63,8441
27,123,2015,27123,42059,54029,300891
27,125,2015,27125,29,51,2896
27,127,2015,27127,90,729,10531
27,129,2015,27129,72,176,10997
27,131,2015,27131,2010,1406,44383
27,133,2015,27133,68,78,6831
27,135,2015,27135,71,493,10940
27,137,2015,27137,2436,5401,147112
27,139,2015,27139,3176,7516,87430
27,141,2015,27141,1429,1309,61976
27,143,2015,27143,80,94,10816
27,145,2015,27145,3961,3106,105702
27,147,2015,27147,578,377,25696
27,149,2015,27149,101,224,6671
27,151,2015,27151,60,77,6981
27,153,2015,27153,109,229,17530
27,155,2015,27155,27,106,2488
27,157,2015,27157,120,148,15842
27,159,2015,27159,123,114,9957
27,161,2015,27161,397,269,13525
27,163,2015,27163,7462,11210,164146
27,165,2015,27165,90,172,7776
27,167,2015,27167,35,82,4683
27,169,2015,27169,600,1087,36735
27,171,2015,27171,1037,1670,88127
27,173,2015,27173,38,266,7060
28,1,2015,28001,12127,267,11669
28,3,2015,28003,3231,226,24240
28,5,2015,28005,3791,38,5912
28,7,2015,28007,5563,94,8191
28,9,2015,28009,2160,33,3969
28,11,2015,28011,14840,267,8738
28,13,2015,28013,2914,41,7876
28,15,2015,28015,2550,37,5446
28,17,2015,28017,5333,118,7110
28,19,2015,28019,1816,42,4392
28,21,2015,28021,5485,68,1032
28,23,2015,28023,3880,83,8088
28,25,2015,28025,8291,67,6510
28,27,2015,28027,12305,154,4507
28,29,2015,28029,10239,144,10559
28,31,2015,28031,4811,76,9398
28,33,2015,28033,29889,2637,90608
28,35,2015,28035,19516,945,35242
28,37,2015,28037,1926,25,3759
28,39,2015,28039,1403,138,15237
28,41,2015,28041,2809,55,7575
28,43,2015,28043,6552,111,9291
28,45,2015,28045,2836,679,31777
28,47,2015,28047,33365,6073,107758
28,49,2015,28049,120213,2089,51922
28,51,2015,28051,10279,61,2391
28,53,2015,28053,4416,39,1622
28,55,2015,28055,684,9,393
28,57,2015,28057,1108,108,16341
28,59,2015,28059,21870,3340,79108
28,61,2015,28061,6180,60,6128
28,63,2015,28063,4699,19,886
28,65,2015,28065,5104,49,3796
28,67,2015,28067,13421,560,34860
28,69,2015,28069,4389,265,2844
28,71,2015,28071,9050,1089,29050
28,73,2015,28073,8388,825,34635
28,75,2015,28075,23536,699,33437
28,77,2015,28077,2852,68,6366
28,79,2015,28079,6239,1076,8773
28,81,2015,28081,16602,760,44200
28,83,2015,28083,15474,256,6010
28,85,2015,28085,7548,150,17675
28,87,2015,28087,18355,525,24996
28,89,2015,28089,27382,2115,45277
28,91,2015,28091,5877,123,12920
28,93,2015,28093,12565,199,14300
28,95,2015,28095,7966,139,18795
28,97,2015,28097,3312,49,4296
28,99,2015,28099,4138,2924,13360
28,101,2015,28101,4556,679,10252
28,103,2015,28103,5579,43,2344
28,105,2015,28105,12994,1536,22509
28,107,2015,28107,11470,139,12966
28,109,2015,28109,4872,534,35460
28,111,2015,28111,1746,67,7309
28,113,2015,28113,14258,304,13781
28,115,2015,28115,3333,234,18507
28,117,2015,28117,2621,104,16126
28,119,2015,28119,3698,32,1744
28,121,2015,28121,21635,1763,86498
28,123,2015,28123,7545,318,12302
28,125,2015,28125,2269,17,1048
28,127,2015,28127,6752,145,12940
28,129,2015,28129,2611,40,9220
28,131,2015,28131,2440,116,10605
28,133,2015,28133,14162,144,5634
28,135,2015,28135,6039,213,5114
28,137,2015,28137,6036,151,14137
28,139,2015,28139,2600,107,13411
28,141,2015,28141,437,96,14267
28,143,2015,28143,5111,108,1807
28,145,2015,28145,3046,193,17306
28,147,2015,28147,4478,100,6218
28,149,2015,28149,15921,459,18313
28,151,2015,28151,23605,363,10261
28,153,2015,28153,5559,86,9316
28,155,2015,28155,1356,43,5904
28,157,2015,28157,4757,35,2185
28,159,2015,28159,5972,186,7468
28,161,2015,28161,3475,55,5757
28,163,2015,28163,11002,231,8933
29,1,2015,29001,371,594,17715
29,3,2015,29003,112,110,12729
29,5,2015,29005,30,28,4085
29,7,2015,29007,1489,181,17836
29,9,2015,29009,154,857,25926
29,11,2015,29011,81,206,8431
29,13,2015,29013,172,121,11845
29,15,2015,29015,83,177,14825
29,17,2015,29017,55,89,9067
29,19,2015,29019,11793,7406,111300
29,21,2015,29021,3997,1449,61171
29,23,2015,29023,1738,565,29628
29,25,2015,29025,73,79,6495
29,27,2015,29027,1644,604,31619
29,29,2015,29029,242,476,34771
29,31,2015,29031,3931,1210,53464
29,33,2015,29033,127,49,6578
29,35,2015,29035,23,68,4537
29,37,2015,29037,2878,1364,69922
29,39,2015,29039,38,158,10196
29,41,2015,29041,145,34,5530
29,43,2015,29043,489,924,58418
29,45,2015,29045,23,39,5027
29,47,2015,29047,10063,6039,155906
29,49,2015,29049,269,198,14823
29,51,2015,29051,6416,1088,49666
29,53,2015,29053,1068,169,12132
29,55,2015,29055,101,186,17937
29,57,2015,29057,42,89,5716
29,59,2015,29059,58,168,11983
29,61,2015,29061,40,44,5841
29,63,2015,29063,1454,103,8761
29,65,2015,29065,73,181,11449
29,67,2015,29067,43,133,10127
29,69,2015,29069,1981,186,20070
29,71,2015,29071,831,797,74593
29,73,2015,29073,57,108,11264
29,75,2015,29075,28,43,4844
29,77,2015,29077,7167,6907,204449
29,79,2015,29079,55,110,7292
29,81,2015,29081,38,54,6222
29,83,2015,29083,218,224,16029
29,85,2015,29085,37,97,7391
29,87,2015,29087,18,47,3426
29,89,2015,29089,452,68,6928
29,91,2015,29091,165,510,28959
29,93,2015,29093,124,65,7553
29,95,2015,29095,116944,15750,375004
29,97,2015,29097,2097,3223,80230
29,99,2015,29099,1828,2058,162131
29,101,2015,29101,2105,1287,36353
29,103,2015,29103,22,24,2831
29,105,2015,29105,231,403,25334
29,107,2015,29107,618,297,23427
29,109,2015,29109,129,506,26969
29,111,2015,29111,251,69,7164
29,113,2015,29113,861,459,37850
29,115,2015,29115,94,70,8920
29,117,2015,29117,430,104,10999
29,119,2015,29119,257,1059,14848
29,121,2015,29121,282,95,11035
29,123,2015,29123,55,214,9071
29,125,2015,29125,54,81,6716
29,127,2015,29127,1079,239,20083
29,129,2015,29129,15,39,2673
29,131,2015,29131,109,225,18277
29,133,2015,29133,2599,64,8036
29,135,2015,29135,624,107,10889
29,137,2015,29137,195,60,6262
29,139,2015,29139,158,86,8588
29,141,2015,29141,179,212,14943
29,143,2015,29143,2002,112,11414
29,145,2015,29145,479,2102,40361
29,147,2015,29147,493,351,16236
29,149,2015,29149,40,190,7993
29,151,2015,29151,49,45,10034
29,153,2015,29153,44,76,7292
29,155,2015,29155,2927,110,9360
29,157,2015,29157,93,199,13874
29,159,2015,29159,1059,543,29040
29,161,2015,29161,892,1669,30642
29,163,2015,29163,1251,84,12584
29,165,2015,29165,4557,2859,63633
29,167,2015,29167,217,468,21897
29,169,2015,29169,4983,2177,29894
29,171,2015,29171,13,27,3656
29,173,2015,29173,124,40,7614
29,175,2015,29175,1257,227,17477
29,177,2015,29177,269,200,16594
29,179,2015,29179,40,63,4902
29,181,2015,29181,60,148,10185
29,183,2015,29183,13177,8530,261350
29,185,2015,29185,62,95,7278
29,186,2015,29186,145,239,13128
29,187,2015,29187,2794,519,47597
29,189,2015,29189,170947,34734,550051
29,195,2015,29195,977,472,15623
29,197,2015,29197,13,13,3141
29,199,2015,29199,12,19,3328
29,201,2015,29201,3025,260,25516
29,203,2015,29203,54,116,6088
29,205,2015,29205,33,20,4514
29,207,2015,29207,267,180,22081
29,209,2015,29209,109,326,24600
29,211,2015,29211,134,65,4554
29,213,2015,29213,711,1083,39673
29,215,2015,29215,881,305,18420
29,217,2015,29217,128,231,14766
29,219,2015,29219,615,316,23739
29,221,2015,29221,589,167,17866
29,223,2015,29223,73,101,10183
29,225,2015,29225,395,316,25724
29,227,2015,29227,13,8,1580
29,229,2015,29229,95,167,12976
29,510,2015,29510,108967,10359,125168
30,1,2015,30001,51,194,6993
30,3,2015,30003,52,5144,3238
30,5,2015,30005,20,1988,2394
30,7,2015,30007,14,86,4311
30,9,2015,30009,48,132,8137
30,11,2015,30011,4,9,928
30,13,2015,30013,1199,3669,57158
30,15,2015,30015,10,768,3471
30,17,2015,30017,36,228,8883
30,19,2015,30019,8,29,1318
30,21,2015,30021,47,191,6977
30,23,2015,30023,46,305,7096
30,25,2015,30025,8,39,2248
30,27,2015,30027,44,182,8648
30,29,2015,30029,306,1798,70696
30,31,2015,30031,413,2046,73868
30,33,2015,30033,3,6,974
30,35,2015,30035,33,5571,3428
30,37,2015,30037,11,10,626
30,39,2015,30039,13,30,2591
30,41,2015,30041,57,2356,9150
30,43,2015,30043,40,219,8760
30,45,2015,30045,2,24,1508
30,47,2015,30047,92,5095,16368
30,49,2015,30049,289,1638,48464
30,51,2015,30051,9,15,1808
30,53,2015,30053,63,308,14867
30,55,2015,30055,7,12,1300
30,57,2015,30057,32,72,6431
30,59,2015,30059,8,20,1436
30,61,2015,30061,25,106,3291
30,63,2015,30063,614,4007,83524
30,65,2015,30065,29,78,3460
30,67,2015,30067,67,211,12366
30,69,2015,30069,,2,367
30,71,2015,30071,17,276,2820
30,73,2015,30073,25,576,3970
30,75,2015,30075,5,29,1395
30,77,2015,30077,76,344,5245
30,79,2015,30079,4,14,911
30,81,2015,30081,104,671,31520
30,83,2015,30083,75,252,8301
30,85,2015,30085,39,4008,3412
30,87,2015,30087,31,2065,4312
30,89,2015,30089,47,485,8567
30,91,2015,30091,19,59,2748
30,93,2015,30093,188,875,25520
30,95,2015,30095,31,107,7083
30,97,2015,30097,7,37,2722
30,99,2015,30099,15,101,4433
30,101,2015,30101,46,256,3685
30,103,2015,30103,6,13,543
30,105,2015,30105,44,493,5238
30,107,2015,30107,13,23,1546
30,109,2015,30109,3,11,843
30,111,2015,30111,1097,5804,109904
31,1,2015,31001,264,581,22227
31,3,2015,31003,20,35,4728
31,5,2015,31005,3,4,311
31,7,2015,31007,1,2,610
31,9,2015,31009,1,,374
31,11,2015,31011,14,18,3922
31,13,2015,31013,76,351,7751
31,15,2015,31015,3,28,1526
31,17,2015,31017,9,13,2232
31,19,2015,31019,446,836,34185
31,21,2015,31021,22,117,4857
31,23,2015,31023,31,54,5926
31,25,2015,31025,129,193,18428
31,27,2015,31027,14,31,6194
31,29,2015,31029,8,15,2884
31,31,2015,31031,24,216,4177
31,33,2015,31033,49,151,7325
31,35,2015,31035,22,64,4547
31,37,2015,31037,194,276,6668
31,39,2015,31039,25,61,6566
31,41,2015,31041,38,66,7959
31,43,2015,31043,535,1092,12593
31,45,2015,31045,106,392,6253
31,47,2015,31047,680,416,15540
31,49,2015,31049,5,31,1441
31,51,2015,31051,29,39,4135
31,53,2015,31053,301,519,26264
31,55,2015,31055,43095,18694,331579
31,57,2015,31057,13,24,1357
31,59,2015,31059,9,42,4366
31,61,2015,31061,5,18,2334
31,63,2015,31063,2,10,1938
31,65,2015,31065,13,35,3614
31,67,2015,31067,93,200,16320
31,69,2015,31069,9,25,1505
31,71,2015,31071,4,3,1600
31,73,2015,31073,11,12,1464
31,75,2015,31075,1,2,491
31,77,2015,31077,9,3,1793
31,79,2015,31079,1034,1410,41147
31,81,2015,31081,24,35,6673
31,83,2015,31083,4,17,2615
31,85,2015,31085,3,6,722
31,87,2015,31087,11,20,2173
31,89,2015,31089,20,79,7501
31,91,2015,31091,,6,557
31,93,2015,31093,23,42,4694
31,95,2015,31095,34,45,5464
31,97,2015,31097,313,127,3616
31,99,2015,31099,19,36,4802
31,101,2015,31101,47,98,6097
31,103,2015,31103,3,3,634
31,105,2015,31105,15,74,2726
31,107,2015,31107,29,482,5756
31,109,2015,31109,8974,12140,203432
31,111,2015,31111,271,512,25475
31,113,2015,31113,5,9,550
31,115,2015,31115,2,1,453
31,117,2015,31117,2,,348
31,119,2015,31119,423,700,24368
31,121,2015,31121,34,72,5697
31,123,2015,31123,16,66,3482
31,125,2015,31125,13,18,2688
31,127,2015,31127,65,52,5085
31,129,2015,31129,13,25,3311
31,131,2015,31131,91,146,11689
31,133,2015,31133,11,14,2001
31,135,2015,31135,14,10,2133
31,137,2015,31137,22,58,6768
31,139,2015,31139,24,29,5212
31,141,2015,31141,195,481,22803
31,143,2015,31143,17,30,3855
31,145,2015,31145,81,90,7926
31,147,2015,31147,37,219,5966
31,149,2015,31149,1,14,1055
31,151,2015,31151,168,384,9546
31,153,2015,31153,5780,4594,112227
31,155,2015,31155,81,124,15206
31,157,2015,31157,253,908,25278
31,159,2015,31159,66,124,12092
31,161,2015,31161,25,365,3555
31,163,2015,31163,5,11,2352
31,165,2015,31165,6,8,954
31,167,2015,31167,36,40,4181
31,169,2015,31169,23,26,3845
31,171,2015,31171,1,4,507
31,173,2015,31173,33,2146,2182
31,175,2015,31175,12,16,3076
31,177,2015,31177,139,105,14546
31,179,2015,31179,162,90,6523
31,181,2015,31181,23,22,2710
31,183,2015,31183,2,3,580
31,185,2015,31185,163,134,9970
32,1,2015,32001,496,1762,15783
32,3,2015,32003,189895,217229,1162179
32,5,2015,32005,371,1811,36182
32,7,2015,32007,562,2920,32628
32,9,2015,32009,17,36,625
32,11,2015,32011,19,68,1424
32,13,2015,32013,197,800,10940
32,15,2015,32015,54,287,3877
32,17,2015,32017,145,105,3570
32,19,2015,32019,570,2224,37062
32,21,2015,32021,182,696,2644
32,23,2015,32023,1005,1694,31586
32,27,2015,32027,290,299,4718
32,29,2015,32029,67,150,3205
32,31,2015,32031,9664,32147,295147
32,33,2015,32033,469,455,6619
32,510,2015,32510,1087,2620,38598
33,1,2015,33001,364,729,46601
33,3,2015,33003,223,434,37983
33,5,2015,33005,509,1090,57165
33,7,2015,33007,205,250,24770
33,9,2015,33009,863,2706,66597
33,11,2015,33011,7751,13354,288567
33,13,2015,33013,1432,2537,110680
33,15,2015,33015,2357,5495,226333
33,17,2015,33017,1314,3546,91235
33,19,2015,33019,286,388,33090
34,1,2015,34001,34651,19545,152972
34,3,2015,34003,50792,125456,538998
34,5,2015,34005,61617,19713,262421
34,7,2015,34007,78212,26297,276979
34,9,2015,34009,3807,1175,71066
34,11,2015,34011,26229,4098,85569
34,13,2015,34013,247272,39900,299089
34,15,2015,34015,23615,7634,187363
34,17,2015,34017,77627,95704,351430
34,19,2015,34019,2860,4225,89316
34,21,2015,34021,58192,32005,187591
34,23,2015,34023,70566,156940,405137
34,25,2015,34025,36451,29283,409372
34,27,2015,34027,14569,40784,321652
34,29,2015,34029,15405,11026,412129
34,31,2015,34031,56405,30039,286222
34,33,2015,34033,6833,856,40977
34,35,2015,34035,25077,43097,181532
34,37,2015,34037,2604,2628,104706
34,39,2015,34039,98077,27474,285057
34,41,2015,34041,3577,2735,75851
35,1,2015,35001,18574,46538,441460
35,3,2015,35003,35,115,2799
35,5,2015,35005,1179,1690,43053
35,6,2015,35006,336,8111,11579
35,7,2015,35007,121,358,9331
35,9,2015,35009,2528,1682,31254
35,11,2015,35011,18,26,1330
35,13,2015,35013,3635,6620,141808
35,15,2015,35015,866,1497,38522
35,17,2015,35017,278,750,20929
35,19,2015,35019,91,154,3156
35,21,2015,35021,8,10,556
35,23,2015,35023,38,74,3194
35,25,2015,35025,2333,1438,43832
35,27,2015,35027,172,588,14757
35,28,2015,35028,139,1056,12094
35,29,2015,35029,313,609,16572
35,31,2015,35031,515,40627,9765
35,33,2015,35033,49,137,3447
35,35,2015,35035,2108,4305,41259
35,37,2015,35037,129,241,6146
35,39,2015,35039,306,5323,23438
35,41,2015,35041,387,586,12552
35,43,2015,35043,2756,15358,84110
35,45,2015,35045,904,31651,52046
35,47,2015,35047,424,1048,20062
35,49,2015,35049,1597,7054,108492
35,51,2015,35051,99,308,8919
35,53,2015,35053,194,1700,10639
35,55,2015,35055,268,2259,23605
35,57,2015,35057,292,597,10862
35,59,2015,35059,95,135,3108
35,61,2015,35061,1044,3805,50567
36,1,2015,36001,30749,15192,192239
36,3,2015,36003,498,514,33961
36,5,2015,36005,472437,89879,483901
36,7,2015,36007,8120,7035,134635
36,9,2015,36009,906,2304,54952
36,11,2015,36011,3059,728,56873
36,13,2015,36013,2853,1412,95098
36,15,2015,36015,4734,1288,60059
36,17,2015,36017,415,396,36747
36,19,2015,36019,3327,1251,58752
36,21,2015,36021,2369,1026,45732
36,23,2015,36023,753,533,34858
36,25,2015,36025,667,495,34942
36,27,2015,36027,26081,10522,190244
36,29,2015,36029,91554,28756,587352
36,31,2015,36031,1208,428,29533
36,33,2015,36033,3083,2988,33145
36,35,2015,36035,990,432,40421
36,37,2015,36037,1538,912,42919
36,39,2015,36039,2508,525,35179
36,41,2015,36041,50,40,3861
36,43,2015,36043,594,412,47149
36,45,2015,36045,6089,2503,77670
36,47,2015,36047,699935,281279,988139
36,49,2015,36049,183,176,19778
36,51,2015,36051,1784,870,46877
36,53,2015,36053,950,859,52141
36,55,2015,36055,83943,24241,458274
36,57,2015,36057,1077,553,35634
36,59,2015,36059,130412,104610,794056
36,61,2015,36061,247852,205679,914995
36,63,2015,36063,11018,3974,149351
36,65,2015,36065,11286,6833,158150
36,67,2015,36067,38006,16657,296275
36,69,2015,36069,2172,1379,80411
36,71,2015,36071,33508,10862,224375
36,73,2015,36073,2310,446,29512
36,75,2015,36075,998,1158,87664
36,77,2015,36077,1014,846,45277
36,79,2015,36079,2626,2341,70920
36,81,2015,36081,377903,530976,906235
36,83,2015,36083,8406,3538,110849
36,85,2015,36085,40198,35126,283527
36,87,2015,36087,32221,19050,175619
36,89,2015,36089,2482,2037,78169
36,91,2015,36091,3307,4998,165231
36,93,2015,36093,12505,6494,98066
36,95,2015,36095,364,277,23543
36,97,2015,36097,172,132,14011
36,99,2015,36099,1694,350,25057
36,101,2015,36101,1320,1418,71190
36,103,2015,36103,94081,56369,982879
36,105,2015,36105,5674,1576,50008
36,107,2015,36107,409,425,36749
36,109,2015,36109,3567,9099,67351
36,111,2015,36111,10005,3846,128262
36,113,2015,36113,644,586,49946
36,115,2015,36115,1860,457,46355
36,117,2015,36117,2336,844,66273
36,119,2015,36119,120498,55886,552009
36,121,2015,36121,2496,305,29593
36,123,2015,36123,219,146,18117
37,1,2015,37001,23196,3473,90364
37,3,2015,37003,1880,438,26533
37,5,2015,37005,172,110,8401
37,7,2015,37007,9765,389,10032
37,9,2015,37009,234,207,21118
37,11,2015,37011,722,148,13552
37,13,2015,37013,8944,503,27274
37,15,2015,37015,9802,210,6124
37,17,2015,37017,8960,786,16436
37,19,2015,37019,10411,1746,88136
37,21,2015,37021,12552,3926,182543
37,23,2015,37023,4164,3257,61799
37,25,2015,37025,23589,5276,111942
37,27,2015,37027,3056,746,58843
37,29,2015,37029,1064,224,6389
37,31,2015,37031,3307,1159,50610
37,33,2015,37033,6184,176,11791
37,35,2015,37035,10068,4898,101180
37,37,2015,37037,7297,1732,46494
37,39,2015,37039,369,537,20953
37,41,2015,37041,3591,266,7267
37,43,2015,37043,111,74,8447
37,45,2015,37045,14549,1049,57226
37,47,2015,37047,13114,1818,28026
37,49,2015,37049,16575,2771,58710
37,51,2015,37051,89295,13003,129897
37,53,2015,37053,1165,300,17654
37,55,2015,37055,817,381,26919
37,57,2015,37057,11573,2719,109785
37,59,2015,37059,2163,424,29255
37,61,2015,37061,11553,900,30791
37,63,2015,37063,85565,14515,126176
37,65,2015,37065,22983,403,17062
37,67,2015,37067,71839,8818,189871
37,69,2015,37069,12738,759,34041
37,71,2015,37071,24552,3585,131553
37,73,2015,37073,2950,102,5743
37,75,2015,37075,39,430,6144
37,77,2015,37077,14595,709,29603
37,79,2015,37079,6098,412,9736
37,81,2015,37081,127303,20769,234878
37,83,2015,37083,21047,1875,17107
37,85,2015,37085,19744,3053,67249
37,87,2015,37087,630,539,46644
37,89,2015,37089,2918,1679,83963
37,91,2015,37091,10870,426,7161
37,93,2015,37093,13059,4340,19144
37,95,2015,37095,1401,73,3003
37,97,2015,37097,14983,3853,106905
37,99,2015,37099,766,3151,27744
37,101,2015,37101,21273,2446,108951
37,103,2015,37103,2487,95,5358
37,105,2015,37105,8671,1179,33521
37,107,2015,37107,17399,685,25567
37,109,2015,37109,3543,711,57380
37,111,2015,37111,1524,553,32757
37,113,2015,37113,439,407,26213
37,115,2015,37115,270,130,15985
37,117,2015,37117,7699,205,10243
37,119,2015,37119,239474,51066,466004
37,121,2015,37121,98,168,11896
37,123,2015,37123,3931,486,16198
37,125,2015,37125,9027,1717,61919
37,127,2015,37127,27759,1394,41272
37,129,2015,37129,23251,3984,143785
37,131,2015,37131,9246,156,6793
37,133,2015,37133,21608,5520,105434
37,135,2015,37135,13127,8720,82498
37,137,2015,37137,2135,151,8224
37,139,2015,37139,10965,643,18247
37,141,2015,37141,7262,653,35683
37,143,2015,37143,2393,107,8044
37,145,2015,37145,8019,410,21495
37,147,2015,37147,43924,3586,81438
37,149,2015,37149,782,175,15517
37,151,2015,37151,6682,2395,97340
37,153,2015,37153,10359,1380,22044
37,155,2015,37155,23347,39380,32556
37,157,2015,37157,13537,824,56318
37,159,2015,37159,16722,1913,85730
37,161,2015,37161,5034,497,45488
37,163,2015,37163,12868,1775,31850
37,165,2015,37165,10132,3041,13176
37,167,2015,37167,5109,1089,39910
37,169,2015,37169,1643,323,34275
37,171,2015,37171,2311,676,52366
37,173,2015,37173,185,2937,7757
37,175,2015,37175,1020,264,25661
37,177,2015,37177,1225,104,1923
37,179,2015,37179,18704,5042,129988
37,181,2015,37181,16337,413,16066
37,183,2015,37183,156259,57314,528633
37,185,2015,37185,8102,903,6988
37,187,2015,37187,4488,91,4943
37,189,2015,37189,808,651,39848
37,191,2015,37191,29185,2343,59735
37,193,2015,37193,2456,486,49805
37,195,2015,37195,23947,1050,35472
37,197,2015,37197,959,268,27409
37,199,2015,37199,186,153,13580
38,1,2015,38001,9,24,1835
38,3,2015,38003,153,240,8058
38,5,2015,38005,15,1938,2298
38,7,2015,38007,6,49,694
38,9,2015,38009,44,157,4869
38,11,2015,38011,8,40,2359
38,13,2015,38013,14,31,1658
38,15,2015,38015,1073,3071,65089
38,17,2015,38017,4314,5687,117406
38,19,2015,38019,11,52,2913
38,21,2015,38021,40,46,3684
38,23,2015,38023,15,23,1848
38,25,2015,38025,26,399,3051
38,27,2015,38027,7,67,1725
38,29,2015,38029,14,24,2582
38,31,2015,38031,13,38,2519
38,33,2015,38033,4,18,1342
38,35,2015,38035,1963,2886,47978
38,37,2015,38037,8,33,1835
38,39,2015,38039,10,18,1821
38,41,2015,38041,18,65,1945
38,43,2015,38043,11,24,1821
38,45,2015,38045,11,19,3126
38,47,2015,38047,5,12,1458
38,49,2015,38049,23,64,4363
38,51,2015,38051,15,33,2146
38,53,2015,38053,181,960,7524
38,55,2015,38055,36,477,6918
38,57,2015,38057,42,200,6417
38,59,2015,38059,225,877,21594
38,61,2015,38061,109,1813,5553
38,63,2015,38063,20,38,2310
38,65,2015,38065,8,34,1337
38,67,2015,38067,28,132,5323
38,69,2015,38069,22,150,3103
38,71,2015,38071,65,739,7850
38,73,2015,38073,27,52,4020
38,75,2015,38075,10,24,1889
38,77,2015,38077,128,391,11587
38,79,2015,38079,57,6864,2381
38,81,2015,38081,23,55,2931
38,83,2015,38083,8,18,1023
38,85,2015,38085,15,2109,504
38,87,2015,38087,5,12,562
38,89,2015,38089,579,701,22146
38,91,2015,38091,8,20,1485
38,93,2015,38093,219,441,15450
38,95,2015,38095,7,63,1658
38,97,2015,38097,65,94,5786
38,99,2015,38099,48,184,7955
38,101,2015,38101,2500,2242,47662
38,103,2015,38103,21,27,3257
38,105,2015,38105,990,1273,22845
39,1,2015,39001,147,183,20294
39,3,2015,39003,9414,1046,66585
39,5,2015,39005,394,392,38413
39,7,2015,39007,3157,716,70552
39,9,2015,39009,1474,2105,45457
39,11,2015,39011,255,312,33209
39,13,2015,39013,2580,352,51752
39,15,2015,39015,364,196,32200
39,17,2015,39017,21944,9643,241029
39,19,2015,39019,181,141,20990
39,21,2015,39021,767,330,27968
39,23,2015,39023,9094,1341,91190
39,25,2015,39025,2367,2397,144883
39,27,2015,39027,802,288,29684
39,29,2015,39029,2325,600,77956
39,31,2015,39031,403,197,26598
39,33,2015,39033,335,231,31532
39,35,2015,39035,275991,34863,646410
39,37,2015,39037,290,256,37787
39,39,2015,39039,600,264,27512
39,41,2015,39041,4897,8226,122387
39,43,2015,39043,5027,685,52487
39,45,2015,39045,7715,1906,101526
39,47,2015,39047,573,236,20417
39,49,2015,39049,195874,51227,674384
39,51,2015,39051,248,244,30771
39,53,2015,39053,635,255,21558
39,55,2015,39055,1020,619,67739
39,57,2015,39057,8735,4991,110463
39,59,2015,39059,545,254,28733
39,61,2015,39061,148549,18476,430840
39,63,2015,39063,1105,1240,54030
39,65,2015,39065,274,261,22346
39,67,2015,39067,328,51,11551
39,69,2015,39069,149,188,20303
39,71,2015,39071,548,232,30894
39,73,2015,39073,187,156,21011
39,75,2015,39075,159,90,28058
39,77,2015,39077,649,342,41741
39,79,2015,39079,194,212,23657
39,81,2015,39081,2883,411,48973
39,83,2015,39083,512,425,43788
39,85,2015,39085,6770,3001,166939
39,87,2015,39087,1127,338,44856
39,89,2015,39089,4789,1855,119039
39,91,2015,39091,695,375,32516
39,93,2015,39093,19699,4299,204287
39,95,2015,39095,60518,7924,253413
39,97,2015,39097,2650,512,30769
39,99,2015,39099,26646,2473,150158
39,101,2015,39101,3760,490,45961
39,103,2015,39103,1882,2000,127730
39,105,2015,39105,213,103,17492
39,107,2015,39107,171,322,29076
39,109,2015,39109,2000,1344,74666
39,111,2015,39111,85,44,11007
39,113,2015,39113,81499,10846,307474
39,115,2015,39115,427,120,10749
39,117,2015,39117,196,182,25528
39,119,2015,39119,2836,603,60826
39,121,2015,39121,402,70,10969
39,123,2015,39123,367,223,31690
39,125,2015,39125,193,126,13729
39,127,2015,39127,151,162,26163
39,129,2015,39129,1799,329,40820
39,131,2015,39131,301,220,20375
39,133,2015,39133,5481,2974,114950
39,135,2015,39135,239,294,30344
39,137,2015,39137,136,167,24239
39,139,2015,39139,9290,1043,82248
39,141,2015,39141,4139,702,54031
39,143,2015,39143,1417,434,42801
39,145,2015,39145,1750,689,55468
39,147,2015,39147,1093,500,39696
39,149,2015,39149,870,503,33754
39,151,2015,39151,21427,3932,258579
39,153,2015,39153,57670,13427,340919
39,155,2015,39155,12969,1428,142563
39,157,2015,39157,665,750,68260
39,159,2015,39159,1299,1412,36645
39,161,2015,39161,259,126,20864
39,163,2015,39163,87,70,9642
39,165,2015,39165,6247,8220,147287
39,167,2015,39167,687,507,46110
39,169,2015,39169,1528,1118,81402
39,171,2015,39171,391,257,27183
39,173,2015,39173,2803,2033,91670
39,175,2015,39175,89,148,16348
40,1,2015,40001,106,7155,8354
40,3,2015,40003,271,200,4097
40,5,2015,40005,466,1514,8387
40,7,2015,40007,46,92,3765
40,9,2015,40009,913,743,15480
40,11,2015,40011,283,682,5993
40,13,2015,40013,671,4977,27492
40,15,2015,40015,819,5258,15106
40,17,2015,40017,3192,8245,83609
40,19,2015,40019,2642,3888,28779
40,21,2015,40021,561,12920,21976
40,23,2015,40023,1197,1932,7932
40,25,2015,40025,13,37,1580
40,27,2015,40027,10761,21461,171579
40,29,2015,40029,56,738,3388
40,31,2015,40031,16725,9669,63811
40,33,2015,40033,145,493,3815
40,35,2015,40035,443,2355,8434
40,37,2015,40037,1382,5746,45130
40,39,2015,40039,762,1858,18479
40,41,2015,40041,156,7726,24007
40,43,2015,40043,39,240,3275
40,45,2015,40045,28,84,3019
40,47,2015,40047,1690,2790,41179
40,49,2015,40049,589,1879,17602
40,51,2015,40051,1024,2777,36058
40,53,2015,40053,46,91,3186
40,55,2015,40055,449,194,4095
40,57,2015,40057,177,60,1816
40,59,2015,40059,15,50,2603
40,61,2015,40061,90,1638,7724
40,63,2015,40063,744,2008,7734
40,65,2015,40065,1467,907,16035
40,67,2015,40067,80,329,4226
40,69,2015,40069,183,1326,6566
40,71,2015,40071,754,3422,28533
40,73,2015,40073,219,472,10289
40,75,2015,40075,321,547,5937
40,77,2015,40077,129,1717,6000
40,79,2015,40079,963,5002,30491
40,81,2015,40081,539,2039,23022
40,83,2015,40083,2613,1523,29290
40,85,2015,40085,193,621,6376
40,87,2015,40087,270,2133,24957
40,89,2015,40089,2030,4068,17653
40,91,2015,40091,546,2919,12031
40,93,2015,40093,57,147,5442
40,95,2015,40095,263,1333,10429
40,97,2015,40097,207,6674,23114
40,99,2015,40099,206,1389,8718
40,101,2015,40101,5708,9877,35205
40,103,2015,40103,189,746,7538
40,105,2015,40105,219,1542,6101
40,107,2015,40107,827,1826,6392
40,109,2015,40109,88450,46581,423551
40,111,2015,40111,2568,5105,20965
40,113,2015,40113,4218,5378,26372
40,115,2015,40115,235,4868,17847
40,117,2015,40117,153,1716,10286
40,119,2015,40119,2554,6668,50871
40,121,2015,40121,1422,5242,27030
40,123,2015,40123,763,5319,21822
40,125,2015,40125,1800,7336,43238
40,127,2015,40127,98,1485,6891
40,129,2015,40129,34,161,2523
40,131,2015,40131,942,9954,55523
40,133,2015,40133,922,3562,13800
40,135,2015,40135,671,6871,22909
40,137,2015,40137,755,2256,30031
40,139,2015,40139,634,930,13394
40,141,2015,40141,513,276,4748
40,143,2015,40143,49214,47144,364615
40,145,2015,40145,2232,6820,46739
40,147,2015,40147,1104,4926,32518
40,149,2015,40149,122,336,8004
40,151,2015,40151,276,280,6446
40,153,2015,40153,416,718,14488
41,1,2015,41001,125,291,12184
41,3,2015,41003,981,5295,61630
41,5,2015,41005,3709,19258,281312
41,7,2015,41007,312,1073,28211
41,9,2015,41009,298,1307,36032
41,11,2015,41011,464,2496,47304
41,13,2015,41013,89,439,16498
41,15,2015,41015,119,728,17898
41,17,2015,41017,790,3643,130564
41,19,2015,41019,470,3235,80996
41,21,2015,41021,6,33,1428
41,23,2015,41023,28,139,5570
41,25,2015,41025,48,252,5275
41,27,2015,41027,133,571,16116
41,29,2015,41029,1675,6024,155901
41,31,2015,41031,217,3030,13479
41,33,2015,41033,432,2212,63898
41,35,2015,41035,511,3146,46473
41,37,2015,41037,72,242,5921
41,39,2015,41039,3973,15018,263352
41,41,2015,41041,342,2201,35650
41,43,2015,41043,734,3046,86392
41,45,2015,41045,431,984,20470
41,47,2015,41047,3917,14792,219818
41,49,2015,41049,93,268,7443
41,51,2015,41051,36266,63907,519465
41,53,2015,41053,617,3114,54513
41,55,2015,41055,14,34,1303
41,57,2015,41057,162,631,19465
41,59,2015,41059,722,3275,50922
41,61,2015,41061,172,709,18364
41,63,2015,41063,43,74,5373
41,65,2015,41065,188,1179,18091
41,67,2015,41067,10385,54340,359516
41,69,2015,41069,13,26,1093
41,71,2015,41071,956,3511,71226
42,1,2015,42001,1444,1037,75774
42,3,2015,42003,119971,36390,808064
42,5,2015,42005,543,218,51983
42,7,2015,42007,7893,981,123383
42,9,2015,42009,302,195,37208
42,11,2015,42011,19395,7575,281338
42,13,2015,42013,1700,849,94030
42,15,2015,42015,335,459,45821
42,17,2015,42017,19245,24164,437330
42,19,2015,42019,1612,1920,139119
42,21,2015,42021,3573,760,101919
42,23,2015,42023,25,23,3776
42,25,2015,42025,929,482,48752
42,27,2015,42027,5394,7484,111866
42,29,2015,42029,24257,20023,336601
42,31,2015,42031,357,325,29615
42,33,2015,42033,2364,626,61474
42,35,2015,42035,483,279,28801
42,37,2015,42037,961,719,49534
42,39,2015,42039,1273,525,63731
42,41,2015,42041,7432,7798,173179
42,43,2015,42043,36456,9304,159971
42,45,2015,42045,83414,24924,312180
42,47,2015,42047,124,139,23966
42,49,2015,42049,14432,3839,190152
42,51,2015,42051,5055,732,99298
42,53,2015,42053,1301,59,5450
42,55,2015,42055,4152,1655,109480
42,57,2015,42057,138,44,11046
42,59,2015,42059,1284,189,27770
42,61,2015,42061,2451,259,33015
42,63,2015,42063,1734,913,63827
42,65,2015,42065,172,187,33686
42,67,2015,42067,147,124,18441
42,69,2015,42069,4751,4364,154275
42,71,2015,42071,17905,10887,364559
42,73,2015,42073,2543,436,65160
42,75,2015,42075,3157,1737,97477
42,77,2015,42077,21545,12137,235564
42,79,2015,42079,11353,4330,232177
42,81,2015,42081,4067,836,83993
42,83,2015,42083,1033,286,31343
42,85,2015,42085,4760,824,82294
42,87,2015,42087,320,281,34531
42,89,2015,42089,18547,4101,103627
42,91,2015,42091,58361,48979,514139
42,93,2015,42093,179,436,13803
42,95,2015,42095,13549,7804,208794
42,97,2015,42097,2038,566,70561
42,99,2015,42099,282,258,34244
42,101,2015,42101,504422,103637,566765
42,103,2015,42103,2771,823,40221
42,105,2015,42105,91,91,12950
42,107,2015,42107,4145,1007,108576
42,109,2015,42109,357,257,29356
42,111,2015,42111,2171,335,57933
42,113,2015,42113,127,48,5200
42,115,2015,42115,213,226,32247
42,117,2015,42117,295,277,31577
42,119,2015,42119,3330,796,30685
42,121,2015,42121,454,270,40642
42,123,2015,42123,199,240,31198
42,125,2015,42125,5379,1912,154480
42,127,2015,42127,1811,403,39084
42,129,2015,42129,6779,2955,273398
42,131,2015,42131,187,169,21145
42,133,2015,42133,20185,6318,306713
44,1,2015,44001,494,761,36503
44,3,2015,44003,2773,3874,123337
44,5,2015,44005,2781,1693,60308
44,7,2015,44007,54771,28505,396614
44,9,2015,44009,1448,3028,93219
45,1,2015,45001,5350,134,13410
45,3,2015,45003,30155,2125,93477
45,5,2015,45005,5309,68,2070
45,7,2015,45007,22834,2020,120094
45,9,2015,45009,6655,115,4383
45,11,2015,45011,6711,199,8908
45,13,2015,45013,24606,2809,112164
45,15,2015,45015,36278,5901,106154
45,17,2015,45017,4729,99,6666
45,19,2015,45019,80437,7122,213836
45,21,2015,45021,8138,542,32720
45,23,2015,45023,8661,242,15306
45,25,2015,45025,10897,468,23001
45,27,2015,45027,12211,249,13598
45,29,2015,45029,10471,384,17500
45,31,2015,45031,20027,519,29974
45,33,2015,45033,10108,736,11632
45,35,2015,45035,27874,3336,79052
45,37,2015,45037,7559,205,13108
45,39,2015,45039,9898,130,7597
45,41,2015,45041,41943,1945,58431
45,43,2015,45043,14343,439,33259
45,45,2015,45045,65207,10458,288711
45,47,2015,45047,15920,876,34925
45,49,2015,45049,8007,201,6949
45,51,2015,45051,30238,4989,208500
45,53,2015,45053,9098,360,11861
45,55,2015,45055,11757,586,34981
45,57,2015,45057,14192,1030,50343
45,59,2015,45059,12662,466,36912
45,61,2015,45061,8542,113,5159
45,63,2015,45063,29969,5552,174237
45,65,2015,45065,3807,64,4508
45,67,2015,45067,12888,306,10396
45,69,2015,45069,10880,1044,9407
45,71,2015,45071,8557,534,19424
45,73,2015,45073,4478,720,53833
45,75,2015,45075,40218,1161,24964
45,77,2015,45077,6257,2306,82696
45,79,2015,45079,139188,10864,150448
45,81,2015,45081,3865,372,10998
45,83,2015,45083,44958,6245,168111
45,85,2015,45085,36418,1820,40161
45,87,2015,45087,6558,143,14498
45,89,2015,45089,15801,254,8751
45,91,2015,45091,34528,5378,142835
46,3,2015,46003,10,25,1908
46,5,2015,46005,191,945,11867
46,7,2015,46007,14,1173,978
46,9,2015,46009,96,495,4919
46,11,2015,46011,318,996,23049
46,13,2015,46013,412,1613,26499
46,15,2015,46015,22,306,3471
46,17,2015,46017,11,975,229
46,19,2015,46019,52,205,7308
46,21,2015,46021,2,11,1127
46,23,2015,46023,28,1673,4632
46,25,2015,46025,47,22,2614
46,27,2015,46027,181,578,9512
46,29,2015,46029,170,626,19718
46,31,2015,46031,13,1568,1032
46,33,2015,46033,41,213,6682
46,35,2015,46035,138,456,14112
46,37,2015,46037,30,304,3907
46,39,2015,46039,34,21,3202
46,41,2015,46041,26,2435,1032
46,43,2015,46043,16,50,2157
46,45,2015,46045,10,36,2944
46,47,2015,46047,76,419,5017
46,49,2015,46049,3,7,1750
46,51,2015,46051,31,70,5281
46,53,2015,46053,12,211,2911
46,55,2015,46055,16,32,1372
46,57,2015,46057,27,35,3935
46,59,2015,46059,3,22,2548
46,61,2015,46061,9,18,2164
46,63,2015,46063,11,15,932
46,65,2015,46065,138,1331,11537
46,67,2015,46067,46,55,5294
46,69,2015,46069,8,76,975
46,71,2015,46071,33,964,1103
46,73,2015,46073,3,16,1472
46,75,2015,46075,9,21,692
46,77,2015,46077,20,49,3737
46,79,2015,46079,112,202,9303
46,81,2015,46081,207,622,18543
46,83,2015,46083,471,722,35347
46,85,2015,46085,30,890,1743
46,87,2015,46087,24,38,3939
46,89,2015,46089,11,14,1803
46,91,2015,46091,58,298,3255
46,93,2015,46093,449,787,18722
46,95,2015,46095,12,688,683
46,97,2015,46097,17,17,1644
46,99,2015,46099,5355,5907,123138
46,101,2015,46101,63,641,3908
46,103,2015,46103,1303,8040,71290
46,105,2015,46105,14,46,2248
46,107,2015,46107,10,38,1748
46,109,2015,46109,46,2220,4844
46,111,2015,46111,9,15,1750
46,113,2015,46113,20,7911,475
46,115,2015,46115,28,102,4692
46,117,2015,46117,24,124,2052
46,119,2015,46119,13,20,1054
46,121,2015,46121,27,4785,794
46,123,2015,46123,34,505,3574
46,125,2015,46125,26,56,6076
46,127,2015,46127,126,193,10618
46,129,2015,46129,31,490,3622
46,135,2015,46135,416,672,16242
46,137,2015,46137,14,1259,501
47,1,2015,47001,2361,1230,54774
47,3,2015,47003,2864,744,30140
47,5,2015,47005,340,151,12111
47,7,2015,47007,899,79,10846
47,9,2015,47009,2939,1402,93507
47,11,2015,47011,3760,1500,72594
47,13,2015,47013,191,213,30313
47,15,2015,47015,217,82,10359
47,17,2015,47017,2148,200,18765
47,19,2015,47019,703,330,43632
47,21,2015,47021,624,313,28808
47,23,2015,47023,1163,136,11520
47,25,2015,47025,339,206,24110
47,27,2015,47027,107,34,5958
47,29,2015,47029,571,279,26361
47,31,2015,47031,1515,672,37872
47,33,2015,47033,1520,81,9142
47,35,2015,47035,302,504,45929
47,37,2015,47037,136990,22089,356657
47,39,2015,47039,308,93,8621
47,41,2015,47041,295,111,14154
47,43,2015,47043,1734,441,36156
47,45,2015,47045,3665,312,23895
47,47,2015,47047,8119,308,22015
47,49,2015,47049,68,90,13489
47,51,2015,47051,1658,414,29384
47,53,2015,47053,6473,222,29612
47,55,2015,47055,2381,205,19618
47,57,2015,47057,161,103,17369
47,59,2015,47059,1176,438,51701
47,61,2015,47061,75,105,10078
47,63,2015,47063,2235,840,44219
47,65,2015,47065,50870,7785,211847
47,67,2015,47067,31,30,5018
47,69,2015,47069,8226,195,11669
47,71,2015,47071,711,197,18981
47,73,2015,47073,682,348,42700
47,75,2015,47075,6607,80,6714
47,77,2015,47077,1714,147,19059
47,79,2015,47079,1922,219,22699
47,81,2015,47081,1088,201,17282
47,83,2015,47083,234,62,5925
47,85,2015,47085,370,157,13312
47,87,2015,47087,57,62,9012
47,89,2015,47089,917,387,39434
47,91,2015,47091,410,80,13944
47,93,2015,47093,29296,9615,302337
47,95,2015,47095,1811,47,4413
47,97,2015,47097,6882,295,13001
47,99,2015,47099,584,339,30115
47,101,2015,47101,186,94,8751
47,103,2015,47103,1758,357,23392
47,105,2015,47105,598,572,38872
47,107,2015,47107,1619,550,37920
47,109,2015,47109,1187,141,18399
47,111,2015,47111,127,253,16576
47,113,2015,47113,25198,1086,45699
47,115,2015,47115,871,226,20722
47,117,2015,47117,1684,284,21455
47,119,2015,47119,7645,958,56801
47,121,2015,47121,162,118,8877
47,123,2015,47123,831,402,33581
47,125,2015,47125,27581,6077,103061
47,127,2015,47127,134,61,4725
47,129,2015,47129,730,129,15939
47,131,2015,47131,2377,166,20763
47,133,2015,47133,134,130,16512
47,135,2015,47135,160,64,5806
47,137,2015,47137,15,19,4047
47,139,2015,47139,104,126,12780
47,141,2015,47141,1231,1267,53456
47,143,2015,47143,551,294,23325
47,145,2015,47145,1166,448,39832
47,147,2015,47147,3715,578,45756
47,149,2015,47149,30173,8939,175856
47,151,2015,47151,66,91,15912
47,153,2015,47153,93,109,11085
47,155,2015,47155,846,1286,71606
47,157,2015,47157,351744,21830,302800
47,159,2015,47159,345,126,13891
47,161,2015,47161,221,219,9746
47,163,2015,47163,2785,1400,118468
47,165,2015,47165,8800,2423,118422
47,167,2015,47167,8042,826,35785
47,169,2015,47169,579,59,5385
47,171,2015,47171,67,84,13992
47,173,2015,47173,57,98,14261
47,175,2015,47175,49,20,4399
47,177,2015,47177,1090,366,28532
47,179,2015,47179,4193,1858,91530
47,181,2015,47181,1017,86,12336
47,183,2015,47183,2020,397,23386
47,185,2015,47185,423,155,19551
47,187,2015,47187,6748,6141,134598
47,189,2015,47189,6437,2014,86667
48,1,2015,48001,10660,752,33996
48,3,2015,48003,251,301,11421
48,5,2015,48005,9562,1281,52198
48,7,2015,48007,372,680,19070
48,9,2015,48009,90,125,6425
48,11,2015,48011,18,24,1409
48,13,2015,48013,451,729,32553
48,15,2015,48015,2033,327,19411
48,17,2015,48017,92,172,4470
48,19,2015,48019,168,341,16688
48,21,2015,48021,4773,1772,51514
48,23,2015,48023,88,28,2672
48,25,2015,48025,2588,404,21891
48,27,2015,48027,53564,14217,165102
48,29,2015,48029,113987,68210,1165469
48,31,2015,48031,126,189,8415
48,33,2015,48033,5,6,455
48,35,2015,48035,289,200,13133
48,37,2015,48037,16576,1660,50860
48,39,2015,48039,34326,18822,192393
48,41,2015,48041,16917,11726,128701
48,43,2015,48043,119,232,6866
48,45,2015,48045,38,11,1110
48,47,2015,48047,54,91,4850
48,49,2015,48049,1069,478,26699
48,51,2015,48051,1657,194,11304
48,53,2015,48053,758,683,33119
48,55,2015,48055,2123,762,26493
48,57,2015,48057,488,925,14471
48,59,2015,48059,169,153,9933
48,61,2015,48061,2243,4432,270148
48,63,2015,48063,1647,177,7198
48,65,2015,48065,43,97,4199
48,67,2015,48067,3792,270,18737
48,69,2015,48069,125,108,4945
48,71,2015,48071,2449,739,23951
48,73,2015,48073,5470,833,30476
48,75,2015,48075,651,85,4695
48,77,2015,48077,81,142,7688
48,79,2015,48079,107,77,1854
48,81,2015,48081,38,59,2429
48,83,2015,48083,195,125,6060
48,85,2015,48085,62344,95035,488509
48,87,2015,48087,127,72,1909
48,89,2015,48089,1998,265,13297
48,91,2015,48091,2276,2280,91971
48,93,2015,48093,105,158,9849
48,95,2015,48095,100,44,3350
48,97,2015,48097,869,755,27186
48,99,2015,48099,10163,2692,42497
48,101,2015,48101,110,15,937
48,103,2015,48103,116,95,3172
48,105,2015,48105,45,72,2542
48,107,2015,48107,177,76,3988
48,109,2015,48109,23,83,1522
48,111,2015,48111,102,183,4416
48,113,2015,48113,423102,145632,1237610
48,115,2015,48115,745,216,8853
48,117,2015,48117,249,308,11874
48,119,2015,48119,276,111,3568
48,121,2015,48121,55033,53820,449067
48,123,2015,48123,1508,220,13998
48,125,2015,48125,103,63,1555
48,127,2015,48127,114,132,7122
48,129,2015,48129,134,33,2413
48,131,2015,48131,124,109,7950
48,133,2015,48133,268,259,12999
48,135,2015,48135,5396,3311,98568
48,137,2015,48137,18,42,1398
48,139,2015,48139,11219,2250,101584
48,141,2015,48141,24482,16972,536160
48,143,2015,48143,491,709,28284
48,145,2015,48145,3244,234,9692
48,147,2015,48147,1968,487,23498
48,149,2015,48149,1228,288,17847
48,151,2015,48151,129,49,2791
48,153,2015,48153,179,86,3899
48,155,2015,48155,48,16,876
48,157,2015,48157,104950,105763,289037
48,159,2015,48159,327,142,7365
48,161,2015,48161,2450,276,11984
48,163,2015,48163,678,534,12392
48,165,2015,48165,306,261,11825
48,167,2015,48167,31158,11401,192580
48,169,2015,48169,348,105,4584
48,171,2015,48171,148,345,19925
48,173,2015,48173,18,7,910
48,175,2015,48175,284,88,5382
48,177,2015,48177,1093,352,13154
48,179,2015,48179,1094,355,15386
48,181,2015,48181,5492,2970,83903
48,183,2015,48183,17914,2363,68462
48,185,2015,48185,3468,265,17045
48,187,2015,48187,8845,3785,95235
48,189,2015,48189,1477,587,21676
48,191,2015,48191,184,39,2088
48,193,2015,48193,65,160,6081
48,195,2015,48195,38,72,3709
48,197,2015,48197,193,53,2619
48,199,2015,48199,2209,562,38098
48,201,2015,48201,631327,300040,2267720
48,203,2015,48203,10524,968,36691
48,205,2015,48205,456,66,4215
48,207,2015,48207,200,94,4206
48,209,2015,48209,6087,4722,129710
48,211,2015,48211,18,63,2742
48,213,2015,48213,3802,1074,55411
48,215,2015,48215,4509,10047,519582
48,217,2015,48217,1644,410,23736
48,219,2015,48219,642,345,15312
48,221,2015,48221,357,784,41644
48,223,2015,48223,1981,507,23896
48,225,2015,48225,4602,227,13115
48,227,2015,48227,2138,897,24917
48,229,2015,48229,50,70,2370
48,231,2015,48231,5316,2176,58298
48,233,2015,48233,491,483,14546
48,235,2015,48235,21,14,1123
48,237,2015,48237,327,113,6275
48,239,2015,48239,722,180,9770
48,241,2015,48241,4099,404,21640
48,243,2015,48243,35,32,1830
48,245,2015,48245,62591,9768,114966
48,247,2015,48247,28,44,3422
48,249,2015,48249,256,527,27791
48,251,2015,48251,3694,2861,107517
48,253,2015,48253,2452,367,13185
48,255,2015,48255,1174,177,10104
48,257,2015,48257,8691,1945,69493
48,259,2015,48259,354,588,29011
48,261,2015,48261,12,5,274
48,263,2015,48263,15,7,561
48,265,2015,48265,775,989,38178
48,267,2015,48267,22,68,3390
48,269,2015,48269,3,3,203
48,271,2015,48271,54,56,2652
48,273,2015,48273,1001,906,20528
48,275,2015,48275,166,46,2510
48,277,2015,48277,4669,964,30866
48,279,2015,48279,441,207,8633
48,281,2015,48281,685,468,14142
48,283,2015,48283,61,72,5744
48,285,2015,48285,936,155,13669
48,287,2015,48287,1425,225,10991
48,289,2015,48289,1024,197,11694
48,291,2015,48291,6522,1185,50004
48,293,2015,48293,3111,300,14018
48,295,2015,48295,54,78,2378
48,297,2015,48297,564,206,8760
48,299,2015,48299,189,249,16032
48,301,2015,48301,,3,66
48,303,2015,48303,15687,8436,189425
48,305,2015,48305,118,101,3813
48,307,2015,48307,145,105,5968
48,309,2015,48309,25536,5378,143314
48,311,2015,48311,10,9,602
48,313,2015,48313,2278,196,8195
48,315,2015,48315,1717,158,6200
48,317,2015,48317,100,70,3614
48,319,2015,48319,27,39,3081
48,321,2015,48321,3063,967,22498
48,323,2015,48323,210,774,36420
48,325,2015,48325,1096,809,33632
48,327,2015,48327,24,26,1677
48,329,2015,48329,7627,3534,101214
48,331,2015,48331,1651,407,15779
48,333,2015,48333,36,45,3615
48,335,2015,48335,937,211,5892
48,337,2015,48337,93,279,14084
48,339,2015,48339,18568,16067,346580
48,341,2015,48341,476,1450,12710
48,343,2015,48343,2122,178,7126
48,345,2015,48345,20,16,855
48,347,2015,48347,8044,1229,37002
48,349,2015,48349,4779,1018,28607
48,351,2015,48351,2138,172,8366
48,353,2015,48353,510,207,10049
48,355,2015,48355,11363,8926,239242
48,357,2015,48357,83,177,6823
48,359,2015,48359,22,43,1370
48,361,2015,48361,5089,1187,55243
48,363,2015,48363,508,404,19613
48,365,2015,48365,2812,212,14389
48,367,2015,48367,1334,1768,88943
48,369,2015,48369,121,172,6373
48,371,2015,48371,632,324,10851
48,373,2015,48373,4143,1104,31182
48,375,2015,48375,9098,5671,70735
48,377,2015,48377,58,151,4685
48,379,2015,48379,261,162,8282
48,381,2015,48381,2857,2725,89032
48,383,2015,48383,89,52,2363
48,385,2015,48385,41,58,2573
48,387,2015,48387,1645,179,7828
48,389,2015,48389,694,250,10095
48,391,2015,48391,375,124,4933
48,393,2015,48393,4,9,657
48,395,2015,48395,2453,208,9631
48,397,2015,48397,3927,2618,57016
48,399,2015,48399,199,207,7404
48,401,2015,48401,7265,613,31684
48,403,2015,48403,599,104,7499
48,405,2015,48405,1461,63,5093
48,407,2015,48407,2161,346,18133
48,409,2015,48409,1013,1148,45136
48,411,2015,48411,188,80,4311
48,413,2015,48413,41,28,2150
48,415,2015,48415,750,317,11548
48,417,2015,48417,35,25,2451
48,419,2015,48419,3178,360,14528
48,421,2015,48421,37,36,2059
48,423,2015,48423,28272,4216,128786
48,425,2015,48425,76,153,6284
48,427,2015,48427,113,228,40317
48,429,2015,48429,196,134,6786
48,431,2015,48431,22,23,904
48,433,2015,48433,38,24,1012
48,435,2015,48435,35,50,2765
48,437,2015,48437,458,107,4865
48,439,2015,48439,223432,99649,1074512
48,441,2015,48441,7312,3520,86670
48,443,2015,48443,16,24,623
48,445,2015,48445,505,181,8293
48,447,2015,48447,11,19,1159
48,449,2015,48449,2368,782,19068
48,451,2015,48451,4000,2432,79485
48,453,2015,48453,78276,74986,724529
48,455,2015,48455,1042,122,10120
48,457,2015,48457,2035,197,14553
48,459,2015,48459,2635,492,26796
48,461,2015,48461,70,89,2328
48,463,2015,48463,227,391,18216
48,465,2015,48465,735,655,32111
48,467,2015,48467,1205,653,38088
48,469,2015,48469,4381,1624,60121
48,471,2015,48471,13095,1270,42098
48,473,2015,48473,8604,870,23972
48,475,2015,48475,402,204,7478
48,477,2015,48477,4252,613,20868
48,479,2015,48479,1219,2601,165385
48,481,2015,48481,4160,411,25121
48,483,2015,48483,131,94,3824
48,485,2015,48485,10467,3938,82211
48,487,2015,48487,840,335,8474
48,489,2015,48489,464,235,14969
48,491,2015,48491,24631,27576,308499
48,493,2015,48493,668,621,33341
48,495,2015,48495,168,130,5038
48,497,2015,48497,807,820,44130
48,499,2015,48499,1664,552,31671
48,501,2015,48501,91,148,5253
48,503,2015,48503,255,235,13009
48,505,2015,48505,43,63,8986
48,507,2015,48507,77,100,7956
49,1,2015,49001,27,141,3986
49,3,2015,49003,191,915,32790
49,5,2015,49005,736,3585,73825
49,7,2015,49007,141,377,13940
49,9,2015,49009,6,20,813
49,11,2015,49011,3511,9343,203260
49,13,2015,49013,88,739,12302
49,15,2015,49015,27,112,6851
49,17,2015,49017,29,142,3500
49,19,2015,49019,66,378,6729
49,21,2015,49021,268,1330,30858
49,23,2015,49023,38,124,6445
49,25,2015,49025,40,136,5179
49,27,2015,49027,47,309,7973
49,29,2015,49029,24,61,6729
49,31,2015,49031,5,16,1061
49,33,2015,49033,8,20,1538
49,35,2015,49035,15182,58485,694161
49,37,2015,49037,61,4894,5164
49,39,2015,49039,255,670,18631
49,41,2015,49041,58,286,13772
49,43,2015,49043,246,710,27425
49,45,2015,49045,384,1162,38266
49,47,2015,49047,167,2198,21741
49,49,2015,49049,2999,14535,335810
49,51,2015,49051,123,415,18407
49,53,2015,49053,939,3813,103800
49,55,2015,49055,11,40,1863
49,57,2015,49057,2995,6211,157929
50,1,2015,50001,300,596,27711
50,3,2015,50003,307,358,27640
50,5,2015,50005,204,310,23064
50,7,2015,50007,2790,5020,115858
50,9,2015,50009,27,49,4878
50,11,2015,50011,278,702,35617
50,13,2015,50013,67,108,5315
50,15,2015,50015,190,225,18763
50,17,2015,50017,149,230,22212
50,19,2015,50019,178,264,20694
50,21,2015,50021,359,566,46162
50,23,2015,50023,441,574,44478
50,25,2015,50025,461,505,33323
50,27,2015,50027,416,628,43342
51,1,2015,51001,6961,390,18212
51,3,2015,51003,7702,4233,66592
51,5,2015,51005,568,78,11736
51,7,2015,51007,2277,121,7546
51,9,2015,51009,4789,383,19577
51,11,2015,51011,2285,94,9375
51,13,2015,51013,17188,23255,145515
51,15,2015,51015,2643,557,54991
51,17,2015,51017,200,24,3460
51,21,2015,51021,233,23,5135
51,23,2015,51023,930,278,24828
51,25,2015,51025,7437,103,5959
51,27,2015,51027,537,135,17631
51,29,2015,51029,4841,118,8587
51,31,2015,51031,6369,590,35999
51,33,2015,51033,6582,442,15294
51,35,2015,51035,220,124,23144
51,36,2015,51036,2788,486,2543
51,37,2015,51037,2720,54,6544
51,41,2015,51041,56058,11638,176876
51,43,2015,51043,560,221,10219
51,45,2015,51045,19,21,4079
51,47,2015,51047,5750,920,29280
51,49,2015,51049,2415,73,5026
51,51,2015,51051,67,57,11602
51,53,2015,51053,6998,245,14172
51,57,2015,51057,3244,174,5291
51,59,2015,51059,85228,180409,577887
51,61,2015,51061,4326,1250,45265
51,63,2015,51063,291,112,11753
51,65,2015,51065,3236,233,16728
51,67,2015,51067,3520,435,39907
51,69,2015,51069,2800,1323,57849
51,71,2015,51071,232,107,12614
51,73,2015,51073,2567,517,25713
51,75,2015,51075,3250,316,14121
51,77,2015,51077,825,68,12037
51,79,2015,51079,974,315,12911
51,81,2015,51081,5754,95,3892
51,83,2015,51083,9826,260,17007
51,85,2015,51085,7629,1784,67834
51,87,2015,51087,72280,20861,149650
51,89,2015,51089,9146,377,31034
51,91,2015,51091,16,13,1858
51,93,2015,51093,6498,507,20901
51,95,2015,51095,7549,1922,47332
51,97,2015,51097,1570,128,4017
51,99,2015,51099,3249,506,14597
51,101,2015,51101,2175,314,9627
51,103,2015,51103,2313,97,6782
51,105,2015,51105,1042,175,18385
51,107,2015,51107,21703,50250,186149
51,109,2015,51109,4625,326,21849
51,111,2015,51111,3406,100,6287
51,113,2015,51113,1007,100,9045
51,115,2015,51115,696,86,6464
51,117,2015,51117,8390,301,15887
51,119,2015,51119,1564,87,7155
51,121,2015,51121,3293,4835,65852
51,125,2015,51125,1490,127,10142
51,127,2015,51127,2281,369,13108
51,131,2015,51131,3313,133,6044
51,133,2015,51133,2292,82,7770
51,135,2015,51135,4987,147,7130
51,137,2015,51137,3681,504,22808
51,139,2015,51139,411,144,17926
51,141,2015,51141,835,113,13522
51,143,2015,51143,10713,366,37514
51,145,2015,51145,2509,228,19185
51,147,2015,51147,5650,284,11164
51,149,2015,51149,9742,1039,18133
51,153,2015,51153,70585,35480,209185
51,155,2015,51155,1463,256,25719
51,157,2015,51157,288,78,5571
51,159,2015,51159,2272,82,4883
51,161,2015,51161,4276,2550,65956
51,163,2015,51163,502,204,17372
51,165,2015,51165,1296,783,56857
51,167,2015,51167,267,111,21456
51,169,2015,51169,150,90,17330
51,171,2015,51171,910,426,31804
51,173,2015,51173,683,154,23737
51,175,2015,51175,5247,136,8946
51,177,2015,51177,15748,3574,74981
51,179,2015,51179,18821,5057,76522
51,181,2015,51181,2343,56,2946
51,183,2015,51183,5603,94,3919
51,185,2015,51185,1262,334,32036
51,187,2015,51187,1512,583,27209
51,191,2015,51191,618,342,41958
51,193,2015,51193,3729,245,10039
51,195,2015,51195,2044,196,28510
51,197,2015,51197,681,206,21882
51,199,2015,51199,6998,3392,39236
51,510,2015,51510,27822,11189,85148
51,520,2015,51520,734,207,12472
51,530,2015,51530,271,113,4484
51,540,2015,51540,6852,2989,27943
51,550,2015,51550,52386,8088,112336
51,570,2015,51570,1726,633,10948
51,580,2015,51580,630,60,3666
51,590,2015,51590,15072,547,16253
51,595,2015,51595,2453,87,1466
51,600,2015,51600,1015,3435,13715
51,610,2015,51610,531,1180,8235
51,620,2015,51620,3393,96,2690
51,630,2015,51630,4931,858,14823
51,640,2015,51640,346,68,4699
51,650,2015,51650,50857,3882,48124
51,660,2015,51660,3351,2067,32643
51,670,2015,51670,6157,375,9690
51,678,2015,51678,527,196,4410
51,680,2015,51680,15968,2328,40148
51,683,2015,51683,4575,2638,22332
51,685,2015,51685,1789,1585,7947
51,690,2015,51690,4513,153,5554
51,700,2015,51700,54418,6613,72667
51,710,2015,51710,77041,10335,100765
51,720,2015,51720,189,63,2741
51,730,2015,51730,19454,490,4792
51,735,2015,51735,123,287,8727
51,740,2015,51740,37439,1773,32397
51,750,2015,51750,1266,379,11070
51,760,2015,51760,82592,6030,83221
51,770,2015,51770,21105,2379,52463
51,775,2015,51775,1408,547,17343
51,790,2015,51790,2259,320,16656
51,800,2015,51800,26918,1735,35673
51,810,2015,51810,67370,29562,243201
51,820,2015,51820,1996,264,13789
51,830,2015,51830,1772,789,8648
51,840,2015,51840,2415,792,17186
51,917,2015,51917,4338,889,54886
53,1,2015,53001,186,619,11056
53,3,2015,53003,139,458,16527
53,5,2015,53005,2362,6763,125758
53,7,2015,53007,493,1813,53452
53,9,2015,53009,757,4377,54169
53,11,2015,53011,8220,24939,301251
53,13,2015,53013,35,92,3005
53,15,2015,53015,819,3482,73358
53,17,2015,53017,281,1027,27665
53,19,2015,53019,66,994,4967
53,21,2015,53021,1874,2703,52423
53,23,2015,53023,9,35,1686
53,25,2015,53025,1162,2295,59164
53,27,2015,53027,927,4094,49800
53,29,2015,53029,2042,4803,57331
53,31,2015,53031,323,1179,24533
53,33,2015,53033,111650,322183,1199134
53,35,2015,53035,7091,18833,174402
53,37,2015,53037,484,1442,31447
53,39,2015,53039,137,658,15571
53,41,2015,53041,507,2077,55072
53,43,2015,53043,58,214,7603
53,45,2015,53045,781,3229,44098
53,47,2015,53047,308,4115,26631
53,49,2015,53049,206,949,15847
53,51,2015,53051,98,493,9623
53,53,2015,53053,52608,69535,501032
53,55,2015,53055,131,337,13282
53,57,2015,53057,1019,5093,85950
53,59,2015,53059,93,327,8400
53,61,2015,53061,20019,78700,479901
53,63,2015,53063,8368,18520,340877
53,65,2015,53065,238,2209,30698
53,67,2015,53067,7957,19686,177133
53,69,2015,53069,28,83,3154
53,71,2015,53071,1195,1659,42101
53,73,2015,53073,2503,13689,146302
53,75,2015,53075,1069,3516,31277
53,77,2015,53077,2645,12909,152347
54,1,2015,54001,153,113,12412
54,3,2015,54003,6358,1435,75019
54,5,2015,54005,143,56,17496
54,7,2015,54007,85,97,11106
54,9,2015,54009,292,117,18125
54,11,2015,54011,3744,1328,68977
54,13,2015,54013,30,36,5815
54,15,2015,54015,30,28,6656
54,17,2015,54017,109,47,6418
54,19,2015,54019,1758,199,32582
54,21,2015,54021,1043,140,5801
54,23,2015,54023,101,38,9098
54,25,2015,54025,923,270,26687
54,27,2015,54027,257,106,17869
54,29,2015,54029,625,143,22718
54,31,2015,54031,359,134,10302
54,33,2015,54033,962,472,51066
54,35,2015,54035,98,139,22075
54,37,2015,54037,2944,1052,37894
54,39,2015,54039,10645,2309,132953
54,41,2015,54041,90,106,12529
54,43,2015,54043,53,46,16105
54,45,2015,54045,549,115,26209
54,47,2015,54047,1408,47,13922
54,49,2015,54049,1467,445,41824
54,51,2015,54051,186,167,24675
54,53,2015,54053,208,129,20480
54,55,2015,54055,2807,407,43834
54,57,2015,54057,585,141,20304
54,59,2015,54059,382,128,18662
54,61,2015,54061,3429,3116,74908
54,63,2015,54063,106,50,10342
54,65,2015,54065,147,126,13610
54,67,2015,54067,94,146,19600
54,69,2015,54069,1199,388,31672
54,71,2015,54071,134,29,5655
54,73,2015,54073,118,25,5873
54,75,2015,54075,80,39,6824
54,77,2015,54077,432,126,26202
54,79,2015,54079,499,493,41708
54,81,2015,54081,5193,931,53420
54,83,2015,54083,393,156,22359
54,85,2015,54085,42,28,7710
54,87,2015,54087,47,65,10919
54,89,2015,54089,618,80,10037
54,91,2015,54091,168,102,12935
54,93,2015,54093,24,29,5560
54,95,2015,54095,18,30,6985
54,97,2015,54097,147,151,18547
54,99,2015,54099,155,242,30949
54,101,2015,54101,38,13,6773
54,103,2015,54103,77,54,12159
54,105,2015,54105,28,20,4470
54,107,2015,54107,861,687,64641
54,109,2015,54109,145,59,16805
55,1,2015,55001,615,304,15944
55,3,2015,55003,89,1380,10361
55,5,2015,55005,466,521,33826
55,7,2015,55007,71,1149,10807
55,9,2015,55009,4714,11129,173402
55,11,2015,55011,55,61,10043
55,13,2015,55013,84,618,11449
55,15,2015,55015,269,968,34920
55,17,2015,55017,914,933,46162
55,19,2015,55019,121,280,23073
55,21,2015,55021,750,615,41671
55,23,2015,55023,272,119,12257
55,25,2015,55025,19381,25384,352100
55,27,2015,55027,2437,844,65132
55,29,2015,55029,159,248,22143
55,31,2015,55031,411,1079,32132
55,33,2015,55033,262,1037,31762
55,35,2015,55035,810,3247,72754
55,37,2015,55037,27,50,3649
55,39,2015,55039,1184,1426,74475
55,41,2015,55041,60,925,6007
55,43,2015,55043,557,448,37335
55,45,2015,55045,178,252,27532
55,47,2015,55047,95,166,13934
55,49,2015,55049,91,156,17565
55,51,2015,55051,13,50,4730
55,53,2015,55053,423,969,14181
55,55,2015,55055,564,865,61460
55,57,2015,55057,582,452,19411
55,59,2015,55059,8271,3305,111566
55,61,2015,55061,92,136,15243
55,63,2015,55063,1300,3986,83702
55,65,2015,55065,69,124,12085
55,67,2015,55067,129,237,14703
55,69,2015,55069,104,214,21823
55,71,2015,55071,462,1801,59124
55,73,2015,55073,735,5297,95340
55,75,2015,55075,149,437,31638
55,77,2015,55077,74,161,11580
55,78,2015,55078,20,2399,478
55,79,2015,55079,174044,36081,487922
55,81,2015,55081,491,719,31849
55,83,2015,55083,108,497,28423
55,85,2015,55085,168,432,28248
55,87,2015,55087,1687,6627,126675
55,89,2015,55089,987,1742,63440
55,91,2015,55091,32,40,5496
55,93,2015,55093,229,415,29593
55,95,2015,55095,142,492,32502
55,97,2015,55097,426,1610,51223
55,99,2015,55099,69,170,10745
55,101,2015,55101,15593,2960,125785
55,103,2015,55103,80,132,12992
55,105,2015,55105,5771,2212,111233
55,107,2015,55107,80,114,10704
55,109,2015,55109,487,974,61578
55,111,2015,55111,404,913,46454
55,113,2015,55113,99,1974,10752
55,115,2015,55115,138,2492,28877
55,117,2015,55117,1643,4189,80988
55,119,2015,55119,56,126,15045
55,121,2015,55121,109,277,21311
55,123,2015,55123,117,145,21697
55,125,2015,55125,71,1580,15755
55,127,2015,55127,932,1174,74908
55,129,2015,55129,74,241,11970
55,131,2015,55131,1049,1589,97899
55,133,2015,55133,4171,10652,284526
55,135,2015,55135,157,453,39415
55,137,2015,55137,487,247,18379
55,139,2015,55139,2737,4320,121865
55,141,2015,55141,432,1416,54091
56,1,2015,56001,563,1473,27329
56,3,2015,56003,100,179,8369
56,5,2015,56005,331,869,33178
56,7,2015,56007,187,356,11040
56,9,2015,56009,106,198,10011
56,11,2015,56011,65,69,5325
56,13,2015,56013,185,5392,23539
56,15,2015,56015,114,175,10044
56,17,2015,56017,25,78,3566
56,19,2015,56019,72,123,6328
56,21,2015,56021,2452,2244,67484
56,23,2015,56023,113,211,12926
56,25,2015,56025,1021,1571,57974
56,27,2015,56027,21,42,1924
56,29,2015,56029,296,385,21860
56,31,2015,56031,66,99,6690
56,33,2015,56033,221,550,22077
56,35,2015,56035,100,150,7104
56,37,2015,56037,538,874,30152
56,39,2015,56039,184,464,17814
56,41,2015,56041,136,294,13774
56,43,2015,56043,68,155,5957
56,45,2015,56045,53,107,5370
